open_timestamp_utc,close_timestamp_utc,open,high,low,close,volume
1555671600,1555675199,0.2954,0.2959,0.2947,0.2949,24517
1555675200,1555678799,0.2949,0.2955,0.2941,0.2941,61010
1555678800,1555682399,0.294,0.2953,0.2936,0.2949,60530
1555682400,1555685999,0.2946,0.2946,0.2932,0.2939,69232
1555686000,1555689599,0.2941,0.2952,0.2935,0.2951,162472
1555689600,1555693199,0.2951,0.2985,0.2938,0.2954,48872
1555693200,1555696799,0.2957,0.2957,0.2946,0.2953,50966
1555696800,1555700399,0.2954,0.2965,0.2948,0.2965,29399
1555700400,1555703999,0.2968,0.2968,0.2954,0.2968,41775
1555704000,1555707599,0.2963,0.2967,0.2951,0.2957,39859
1555707600,1555711199,0.2952,0.296,0.2949,0.2956,85077
1555711200,1555714799,0.2956,0.2958,0.2946,0.2949,24245
1555714800,1555718399,0.2952,0.2961,0.2951,0.2961,8837
1555718400,1555721999,0.2957,0.2961,0.2948,0.2948,10999
1555722000,1555725599,0.2948,0.2958,0.2948,0.2958,8770
1555725600,1555729199,0.2956,0.2963,0.2956,0.2963,862
1555729200,1555732799,0.2956,0.2956,0.295,0.2955,7338
1555732800,1555736399,0.2951,0.296,0.2951,0.296,7420
1555736400,1555739999,0.296,0.2965,0.2954,0.2965,15784
1555740000,1555743599,0.297,0.2974,0.2957,0.2965,15670
1555743600,1555747199,0.2965,0.2965,0.2957,0.2965,49042
1555747200,1555750799,0.2965,0.2969,0.2959,0.2965,18036
1555750800,1555754399,0.2963,0.2964,0.2951,0.2951,45751
1555754400,1555757999,0.295,0.2952,0.2936,0.2943,39553
1555758000,1555761599,0.2939,0.2948,0.2939,0.2946,10226
1555761600,1555765199,0.2946,0.2948,0.2938,0.2941,10077
1555765200,1555768799,0.2942,0.2948,0.2939,0.2946,25738
1555768800,1555772399,0.2945,0.2947,0.2936,0.2939,15026
1555772400,1555775999,0.294,0.2949,0.2938,0.2944,11235
1555776000,1555779599,0.2941,0.2945,0.2939,0.2942,9869
1555779600,1555783199,0.2944,0.295,0.2939,0.2942,42145
1555783200,1555786799,0.2947,0.2947,0.2937,0.2944,36951
1555786800,1555790399,0.2944,0.2947,0.2933,0.2937,47401
1555790400,1555793999,0.2938,0.2939,0.2928,0.2929,22196
1555794000,1555797599,0.2929,0.293,0.2886,0.2892,52319
1555797600,1555801199,0.29,0.2921,0.2899,0.2913,15194
1555801200,1555804799,0.2921,0.2925,0.2914,0.2925,4664
1555804800,1555808399,0.2928,0.2935,0.2925,0.2935,842
1555808400,1555811999,0.2935,0.2935,0.2934,0.2934,3452
1555812000,1555815599,0.2935,0.2935,0.2935,0.2935,195
1555815600,1555819199,0.2934,0.2934,0.2926,0.2929,4569
1555819200,1555822799,0.292,0.2921,0.291,0.2911,8093
1555822800,1555826399,0.291,0.2912,0.29,0.2903,15540
1555826400,1555829999,0.29,0.2902,0.2895,0.2901,23271
1555830000,1555833599,0.2901,0.2902,0.2896,0.2896,25792
1555833600,1555837199,0.2898,0.2898,0.287,0.288,73338
1555837200,1555840799,0.2882,0.2882,0.2836,0.2836,125635
1555840800,1555844399,0.2837,0.2873,0.2837,0.2858,48073
1555844400,1555847999,0.2859,0.2859,0.2846,0.2852,61913
1555848000,1555851599,0.2852,0.2853,0.2826,0.2848,44762
1555851600,1555855199,0.2849,0.2862,0.2849,0.2862,9450
1555855200,1555858799,0.2863,0.2863,0.2849,0.2855,48099
1555858800,1555862399,0.2855,0.2863,0.2848,0.2863,44749
1555862400,1555865999,0.2867,0.2867,0.2852,0.2852,21942
1555866000,1555869599,0.2851,0.2853,0.2842,0.2842,31195
1555869600,1555873199,0.2849,0.2851,0.2844,0.2848,16420
1555873200,1555876799,0.2849,0.2849,0.2843,0.2847,21472
1555876800,1555880399,0.2843,0.286,0.2842,0.2852,25313
1555880400,1555883999,0.2853,0.2864,0.2852,0.2855,8463
1555884000,1555887599,0.2859,0.2879,0.2854,0.2875,32642
1555887600,1555891199,0.2876,0.2879,0.2866,0.2876,11363
1555891200,1555894799,0.2876,0.2877,0.287,0.287,1123
1555894800,1555898399,0.2869,0.2869,0.2855,0.2855,24136
1555898400,1555901999,0.2856,0.2857,0.2851,0.2851,4592
1555902000,1555905599,0.2852,0.286,0.2848,0.2853,10683
1555905600,1555909199,0.286,0.296,0.2859,0.2931,248457
1555909200,1555912799,0.293,0.2941,0.2901,0.2907,39144
1555912800,1555916399,0.2915,0.292,0.2904,0.2914,76556
1555916400,1555919999,0.2913,0.2917,0.291,0.2915,23084
1555920000,1555923599,0.2916,0.2926,0.2908,0.2919,23471
1555923600,1555927199,0.292,0.2929,0.291,0.2924,31159
1555927200,1555930799,0.2924,0.2925,0.2916,0.2922,31577
1555930800,1555934399,0.2921,0.2921,0.2906,0.2912,34218
1555934400,1555937999,0.2912,0.2912,0.29,0.2904,21807
1555938000,1555941599,0.2905,0.2906,0.289,0.289,21973
1555941600,1555945199,0.2889,0.2896,0.2883,0.2883,56421
1555945200,1555948799,0.2886,0.2906,0.2867,0.2869,81748
1555948800,1555952399,0.2864,0.2873,0.2844,0.2873,73203
1555952400,1555955999,0.2874,0.2888,0.287,0.2885,40061
1555956000,1555959599,0.2889,0.2894,0.2875,0.2886,59437
1555959600,1555963199,0.2885,0.2891,0.2871,0.2884,168950
1555963200,1555966799,0.2887,0.289,0.288,0.2884,36349
1555966800,1555970399,0.2887,0.2888,0.2875,0.2879,90997
1555970400,1555973999,0.2879,0.2897,0.2878,0.2897,22993
1555974000,1555977599,0.2897,0.2897,0.2877,0.288,34068
1555977600,1555981199,0.2881,0.2881,0.287,0.2875,10385
1555981200,1555984799,0.2881,0.2891,0.288,0.2891,10748
1555984800,1555988399,0.2891,0.2891,0.2887,0.2891,357
1555988400,1555991999,0.2887,0.2889,0.2879,0.2879,871
1555992000,1555995599,0.2879,0.2907,0.287,0.289,26687
1555995600,1555999199,0.2894,0.2914,0.2893,0.2911,88429
1555999200,1556002799,0.2911,0.2912,0.2895,0.2903,26133
1556002800,1556006399,0.2906,0.2912,0.2896,0.291,67587
1556006400,1556009999,0.2909,0.2922,0.2902,0.2921,161428
1556010000,1556013599,0.2921,0.2921,0.2902,0.2905,193376
1556013600,1556017199,0.2906,0.2914,0.2903,0.2908,49827
1556017200,1556020799,0.2909,0.291,0.2901,0.2905,47613
1556020800,1556024399,0.2905,0.291,0.29,0.2907,46032
1556024400,1556027999,0.2907,0.2921,0.2902,0.292,45114
1556028000,1556031599,0.2924,0.2925,0.2908,0.292,141077
1556031600,1556035199,0.2916,0.2922,0.2899,0.2909,67640
1556035200,1556038799,0.2908,0.2911,0.2903,0.2907,137279
1556038800,1556042399,0.2908,0.2908,0.2891,0.2891,91986
1556042400,1556045999,0.2897,0.2898,0.2891,0.2894,39182
1556046000,1556049599,0.2894,0.2894,0.2884,0.2886,44714
1556049600,1556053199,0.2886,0.2891,0.2882,0.2884,28647
1556053200,1556056799,0.2891,0.2892,0.2883,0.2891,39712
1556056800,1556060399,0.289,0.2891,0.2862,0.287,17742
1556060400,1556063999,0.2876,0.2876,0.2861,0.2863,8400
1556064000,1556067599,0.2862,0.2865,0.2858,0.2859,25859
1556067600,1556071199,0.286,0.286,0.2839,0.2852,20306
1556071200,1556074799,0.2849,0.2858,0.2842,0.2856,6555
1556074800,1556078399,0.2861,0.2867,0.286,0.286,7597
1556078400,1556081999,0.2862,0.2875,0.2855,0.2859,51016
1556082000,1556085599,0.2858,0.2862,0.2847,0.286,32609
1556085600,1556089199,0.2863,0.2863,0.2836,0.2838,63532
1556089200,1556092799,0.2838,0.2849,0.2607,0.2632,851519
1556092800,1556096399,0.264,0.2689,0.2623,0.2673,502250
1556096400,1556099999,0.2673,0.2695,0.2651,0.2688,262802
1556100000,1556103599,0.2682,0.2699,0.2668,0.2668,119827
1556103600,1556107199,0.2679,0.2708,0.267,0.2698,158675
1556107200,1556110799,0.2698,0.2728,0.2691,0.2718,98106
1556110800,1556114399,0.2718,0.2724,0.269,0.2692,89195
1556114400,1556117999,0.2686,0.2704,0.2682,0.2699,183096
1556118000,1556121599,0.2699,0.2712,0.2686,0.2698,183295
1556121600,1556125199,0.2697,0.27,0.2668,0.2673,71313
1556125200,1556128799,0.2674,0.2684,0.2642,0.2645,86048
1556128800,1556132399,0.2645,0.2677,0.2636,0.2667,99652
1556132400,1556135999,0.2667,0.2693,0.2662,0.2691,106512
1556136000,1556139599,0.2692,0.2706,0.2684,0.2706,79568
1556139600,1556143199,0.2707,0.2715,0.2697,0.2699,72640
1556143200,1556146799,0.2699,0.2702,0.2691,0.2697,27876
1556146800,1556150399,0.2698,0.2717,0.2679,0.2708,110193
1556150400,1556153999,0.2709,0.2725,0.2698,0.2712,51614
1556154000,1556157599,0.2709,0.2709,0.2703,0.2705,31539
1556157600,1556161199,0.2708,0.2709,0.2675,0.2675,19385
1556161200,1556164799,0.2677,0.269,0.2676,0.2684,11993
1556164800,1556168399,0.2688,0.27,0.2683,0.2689,21895
1556168400,1556171999,0.2684,0.2692,0.2678,0.2692,39722
1556172000,1556175599,0.2692,0.2692,0.2668,0.2673,37623
1556175600,1556179199,0.2669,0.2685,0.2668,0.2685,71563
1556179200,1556182799,0.2685,0.2705,0.2676,0.2686,255660
1556182800,1556186399,0.2688,0.2694,0.267,0.2687,73413
1556186400,1556189999,0.2688,0.2713,0.2688,0.2713,31497
1556190000,1556193599,0.2707,0.276,0.2698,0.2742,193356
1556193600,1556197199,0.2744,0.2746,0.2724,0.2726,134199
1556197200,1556200799,0.2726,0.2733,0.271,0.2733,40586
1556200800,1556204399,0.2733,0.276,0.2713,0.275,88779
1556204400,1556207999,0.2744,0.2749,0.2732,0.2735,32657
1556208000,1556211599,0.273,0.2744,0.2722,0.2735,197227
1556211600,1556215199,0.2733,0.2734,0.2719,0.2731,123374
1556215200,1556218799,0.2731,0.2731,0.2721,0.2731,51096
1556218800,1556222399,0.2728,0.2731,0.2722,0.2722,49482
1556222400,1556225999,0.2725,0.2727,0.2722,0.2727,33904
1556226000,1556229599,0.2729,0.273,0.2675,0.2675,159574
1556229600,1556233199,0.2677,0.2677,0.2526,0.2587,506676
1556233200,1556236799,0.2583,0.2588,0.2561,0.2581,132065
1556236800,1556240399,0.2574,0.2598,0.2548,0.2595,51236
1556240400,1556243999,0.2594,0.2598,0.2575,0.2597,15032
1556244000,1556247599,0.2589,0.2626,0.2581,0.2595,99453
1556247600,1556251199,0.2595,0.2605,0.259,0.2594,34796
1556251200,1556254799,0.2595,0.2612,0.2594,0.2594,8305
1556254800,1556258399,0.2592,0.2606,0.2584,0.259,31549
1556258400,1556261999,0.2595,0.2595,0.2567,0.2585,86569
1556262000,1556265599,0.2585,0.2588,0.2569,0.2585,149033
1556265600,1556269199,0.259,0.2595,0.2576,0.2585,55394
1556269200,1556272799,0.2583,0.2587,0.2581,0.2587,60838
1556272800,1556276399,0.2587,0.2619,0.2586,0.2609,77686
1556276400,1556279999,0.2607,0.2608,0.259,0.2601,58676
1556280000,1556283599,0.26,0.2623,0.2595,0.2605,167095
1556283600,1556287199,0.2604,0.2612,0.2602,0.2605,61337
1556287200,1556290799,0.2606,0.2607,0.2592,0.26,81228
1556290800,1556294399,0.2599,0.2599,0.2577,0.2583,82412
1556294400,1556297999,0.2576,0.2593,0.2564,0.2591,165504
1556298000,1556301599,0.2594,0.2626,0.2588,0.2611,81121
1556301600,1556305199,0.2611,0.2616,0.2592,0.2594,116871
1556305200,1556308799,0.259,0.2603,0.2588,0.26,61190
1556308800,1556312399,0.2601,0.2618,0.26,0.2615,31985
1556312400,1556315999,0.2617,0.2638,0.2609,0.2638,57200
1556316000,1556319599,0.2635,0.2655,0.2624,0.2631,54936
1556319600,1556323199,0.2631,0.2646,0.2628,0.2646,13259
1556323200,1556326799,0.2648,0.2662,0.2641,0.2647,14495
1556326800,1556330399,0.2644,0.2647,0.2641,0.2641,10835
1556330400,1556333999,0.2647,0.2648,0.262,0.262,25393
1556334000,1556337599,0.2625,0.2635,0.2621,0.2628,4592
1556337600,1556341199,0.2624,0.263,0.2613,0.263,2400
1556341200,1556344799,0.2628,0.2636,0.2624,0.2631,4159
1556344800,1556348399,0.2639,0.2641,0.2627,0.264,18004
1556348400,1556351999,0.264,0.264,0.2629,0.264,19780
1556352000,1556355599,0.264,0.2651,0.263,0.2633,126561
1556355600,1556359199,0.2634,0.2639,0.2618,0.2625,41914
1556359200,1556362799,0.2629,0.2635,0.2619,0.2625,26555
1556362800,1556366399,0.2633,0.264,0.2621,0.2625,52027
1556366400,1556369999,0.2626,0.2632,0.2615,0.2622,36232
1556370000,1556373599,0.262,0.2629,0.2619,0.2623,23696
1556373600,1556377199,0.2628,0.2638,0.2623,0.2623,67044
1556377200,1556380799,0.2631,0.2632,0.2614,0.2622,14024
1556380800,1556384399,0.2623,0.2627,0.2614,0.2626,16389
1556384400,1556387999,0.2626,0.2641,0.2617,0.2641,20339
1556388000,1556391599,0.2636,0.2641,0.2626,0.2635,28407
1556391600,1556395199,0.2635,0.264,0.2631,0.2637,19991
1556395200,1556398799,0.2636,0.2637,0.2617,0.2617,45394
1556398800,1556402399,0.2621,0.263,0.2613,0.263,56377
1556402400,1556405999,0.2626,0.2632,0.2621,0.2632,5160
1556406000,1556409599,0.2632,0.2633,0.2623,0.2626,16037
1556409600,1556413199,0.2629,0.264,0.2625,0.2635,15142
1556413200,1556416799,0.2637,0.264,0.2634,0.264,1366
1556416800,1556420399,0.2628,0.2628,0.2621,0.2627,2621
1556420400,1556423999,0.262,0.2633,0.262,0.2629,1848
1556424000,1556427599,0.2634,0.2643,0.2628,0.2633,7355
1556427600,1556431199,0.263,0.2639,0.2626,0.2628,3602
1556431200,1556434799,0.2633,0.2633,0.262,0.2626,11124
1556434800,1556438399,0.2627,0.2632,0.2622,0.2628,19310
1556438400,1556441999,0.2632,0.2635,0.2626,0.2626,18600
1556442000,1556445599,0.2628,0.2636,0.2626,0.2634,6363
1556445600,1556449199,0.2634,0.2638,0.263,0.2638,25555
1556449200,1556452799,0.2642,0.2662,0.2642,0.265,64143
1556452800,1556456399,0.2652,0.2652,0.2637,0.2643,36660
1556456400,1556459999,0.264,0.264,0.262,0.262,37838
1556460000,1556463599,0.262,0.2637,0.262,0.2631,66608
1556463600,1556467199,0.2625,0.2626,0.2609,0.2624,78306
1556467200,1556470799,0.2618,0.2621,0.2608,0.2618,37721
1556470800,1556474399,0.2618,0.2618,0.2606,0.2606,53574
1556474400,1556477999,0.2607,0.2611,0.2602,0.261,49000
1556478000,1556481599,0.2609,0.261,0.2587,0.261,81932
1556481600,1556485199,0.2603,0.2606,0.2594,0.2596,46617
1556485200,1556488799,0.2592,0.2608,0.2582,0.2589,64502
1556488800,1556492399,0.259,0.2609,0.2588,0.2609,20925
1556492400,1556495999,0.2609,0.2615,0.2602,0.2611,26535
1556496000,1556499599,0.2609,0.2627,0.2609,0.2627,6705
1556499600,1556503199,0.2622,0.2622,0.2618,0.2618,18506
1556503200,1556506799,0.2619,0.2619,0.2611,0.2611,12952
1556506800,1556510399,0.2615,0.2615,0.2607,0.2607,11126
1556510400,1556513999,0.2606,0.2615,0.2604,0.2615,17101
1556514000,1556517599,0.2614,0.2618,0.2613,0.2618,8402
1556517600,1556521199,0.2618,0.2625,0.2612,0.2612,22693
1556521200,1556524799,0.2616,0.262,0.261,0.2613,32631
1556524800,1556528399,0.2613,0.2613,0.2605,0.2609,48377
1556528400,1556531999,0.2609,0.2611,0.2601,0.2611,48300
1556532000,1556535599,0.2612,0.2614,0.2588,0.2592,72626
1556535600,1556539199,0.2595,0.2601,0.2592,0.2598,41271
1556539200,1556542799,0.2596,0.2596,0.2563,0.2567,98231
1556542800,1556546399,0.2565,0.2588,0.2534,0.2571,172132
1556546400,1556549999,0.2576,0.2591,0.2576,0.2579,105420
1556550000,1556553599,0.2578,0.2582,0.2574,0.2578,65899
1556553600,1556557199,0.2576,0.2589,0.2572,0.2581,54564
1556557200,1556560799,0.2582,0.2591,0.2576,0.258,41863
1556560800,1556564399,0.2579,0.2591,0.2573,0.2591,49561
1556564400,1556567999,0.259,0.2595,0.2579,0.2582,40010
1556568000,1556571599,0.2589,0.2591,0.2568,0.2569,183800
1556571600,1556575199,0.2573,0.2574,0.2568,0.2574,8135
1556575200,1556578799,0.2571,0.2573,0.256,0.2563,53328
1556578800,1556582399,0.2565,0.2579,0.2562,0.2574,28611
1556582400,1556585999,0.2577,0.2584,0.2572,0.2572,19811
1556586000,1556589599,0.2578,0.2586,0.2577,0.2585,10843
1556589600,1556593199,0.2583,0.2583,0.2574,0.2579,10016
1556593200,1556596799,0.2581,0.2584,0.2577,0.2579,22762
1556596800,1556600399,0.2582,0.2582,0.2572,0.2576,12378
1556600400,1556603999,0.2577,0.2584,0.2577,0.2579,14514
1556604000,1556607599,0.2581,0.2583,0.2575,0.2579,53785
1556607600,1556611199,0.2579,0.2596,0.2579,0.2587,58508
1556611200,1556614799,0.259,0.2594,0.2588,0.2592,44545
1556614800,1556618399,0.2592,0.2687,0.2584,0.2667,129778
1556618400,1556621999,0.2663,0.2744,0.2662,0.2694,477578
1556622000,1556625599,0.2692,0.2713,0.2677,0.271,236071
1556625600,1556629199,0.2717,0.2717,0.2692,0.27,164753
1556629200,1556632799,0.27,0.2711,0.268,0.2692,209230
1556632800,1556636399,0.2692,0.272,0.2689,0.2713,70456
1556636400,1556639999,0.2715,0.2719,0.2686,0.2697,218474
1556640000,1556643599,0.2701,0.2712,0.2693,0.2712,65582
1556643600,1556647199,0.2711,0.275,0.2708,0.2714,146109
1556647200,1556650799,0.2716,0.2737,0.2709,0.2734,70854
1556650800,1556654399,0.2732,0.2732,0.2721,0.2728,110395
1556654400,1556657999,0.2725,0.274,0.2714,0.2729,58639
1556658000,1556661599,0.2733,0.2739,0.2722,0.2739,34259
1556661600,1556665199,0.2739,0.2745,0.273,0.2741,45422
1556665200,1556668799,0.2747,0.2751,0.2721,0.2727,60380
1556668800,1556672399,0.2729,0.2749,0.2728,0.2734,12642
1556672400,1556675999,0.2735,0.2741,0.2735,0.2737,904
1556676000,1556679599,0.2735,0.2736,0.2725,0.2725,6820
1556679600,1556683199,0.2725,0.2725,0.2712,0.2712,9874
1556683200,1556686799,0.2711,0.2711,0.2701,0.271,15575
1556686800,1556690399,0.2712,0.273,0.2712,0.2714,23356
1556690400,1556693999,0.2717,0.2719,0.2705,0.2719,19552
1556694000,1556697599,0.2719,0.2719,0.2706,0.2711,59358
1556697600,1556701199,0.2711,0.2711,0.2674,0.2687,131389
1556701200,1556704799,0.2681,0.2684,0.2666,0.267,51042
1556704800,1556708399,0.2671,0.268,0.267,0.268,28776
1556708400,1556711999,0.268,0.2687,0.2678,0.2681,16967
1556712000,1556715599,0.2679,0.2681,0.2653,0.266,60637
1556715600,1556719199,0.266,0.266,0.265,0.2659,22252
1556719200,1556722799,0.2671,0.2678,0.2662,0.2662,181103
1556722800,1556726399,0.2665,0.2672,0.2655,0.267,11239
1556726400,1556729999,0.267,0.2673,0.2662,0.2668,12741
1556730000,1556733599,0.2666,0.2688,0.2663,0.2688,12798
1556733600,1556737199,0.2679,0.2679,0.2665,0.2671,88022
1556737200,1556740799,0.2668,0.2668,0.2656,0.2666,48274
1556740800,1556744399,0.2665,0.2677,0.2659,0.2673,40287
1556744400,1556747999,0.2673,0.2674,0.2664,0.2669,17735
1556748000,1556751599,0.2673,0.2675,0.2665,0.2669,9533
1556751600,1556755199,0.2669,0.2677,0.2665,0.2673,7397
1556755200,1556758799,0.2677,0.2681,0.2673,0.2674,43566
1556758800,1556762399,0.2672,0.2672,0.2666,0.2668,25846
1556762400,1556765999,0.2672,0.2672,0.2665,0.2665,988
1556766000,1556769599,0.2656,0.2673,0.2656,0.2673,2332
1556769600,1556773199,0.2667,0.2667,0.2658,0.2659,5071
1556773200,1556776799,0.2659,0.2667,0.2659,0.2667,13960
1556776800,1556780399,0.2669,0.2679,0.2664,0.2676,11693
1556780400,1556783999,0.268,0.269,0.2669,0.2669,57490
1556784000,1556787599,0.267,0.2682,0.2664,0.2679,137995
1556787600,1556791199,0.2683,0.2684,0.2663,0.2676,41655
1556791200,1556794799,0.2673,0.2681,0.2668,0.2675,43433
1556794800,1556798399,0.2678,0.2683,0.2672,0.268,31314
1556798400,1556801999,0.268,0.268,0.2668,0.2668,43892
1556802000,1556805599,0.2668,0.2672,0.2651,0.2664,64828
1556805600,1556809199,0.2667,0.2667,0.265,0.2653,22826
1556809200,1556812799,0.2653,0.2661,0.265,0.2659,47506
1556812800,1556816399,0.266,0.2663,0.2644,0.2648,46725
1556816400,1556819999,0.2652,0.2656,0.2646,0.2654,18075
1556820000,1556823599,0.2656,0.2658,0.2649,0.2655,44227
1556823600,1556827199,0.2655,0.2655,0.2648,0.2651,22575
1556827200,1556830799,0.2651,0.2658,0.2644,0.2658,14145
1556830800,1556834399,0.2658,0.267,0.2657,0.2663,26111
1556834400,1556837999,0.2662,0.2667,0.266,0.2663,9248
1556838000,1556841599,0.2663,0.2667,0.2658,0.2658,3353
1556841600,1556845199,0.266,0.2661,0.2654,0.2661,2335
1556845200,1556848799,0.2664,0.267,0.2662,0.2663,4533
1556848800,1556852399,0.2668,0.2669,0.2663,0.2667,3988
1556852400,1556855999,0.2667,0.2667,0.2657,0.2658,5236
1556856000,1556859599,0.2661,0.2671,0.2661,0.2669,11853
1556859600,1556863199,0.2665,0.2666,0.2654,0.2666,10904
1556863200,1556866799,0.2664,0.2678,0.2664,0.2675,10610
1556866800,1556870399,0.2678,0.2679,0.2651,0.2665,88948
1556870400,1556873999,0.2665,0.2676,0.2651,0.2668,48656
1556874000,1556877599,0.2662,0.276,0.2662,0.2759,282347
1556877600,1556881199,0.2758,0.2758,0.2718,0.273,140381
1556881200,1556884799,0.2731,0.274,0.2727,0.2737,33141
1556884800,1556888399,0.2738,0.2741,0.2732,0.2739,157045
1556888400,1556891999,0.2735,0.2739,0.2734,0.2738,38629
1556892000,1556895599,0.2738,0.274,0.272,0.2726,136212
1556895600,1556899199,0.2722,0.2722,0.2695,0.2713,146976
1556899200,1556902799,0.2712,0.2714,0.2699,0.2712,29332
1556902800,1556906399,0.2709,0.271,0.2686,0.2688,63251
1556906400,1556909999,0.27,0.2701,0.2689,0.2695,18373
1556910000,1556913599,0.2699,0.2707,0.2694,0.2706,43265
1556913600,1556917199,0.2706,0.2712,0.2702,0.2711,41570
1556917200,1556920799,0.271,0.2713,0.2703,0.2711,31157
1556920800,1556924399,0.2711,0.2714,0.2699,0.2699,24240
1556924400,1556927999,0.2706,0.2707,0.2694,0.2697,14881
1556928000,1556931599,0.27,0.273,0.2695,0.2715,9781
1556931600,1556935199,0.2709,0.2724,0.2706,0.2719,20450
1556935200,1556938799,0.2724,0.2787,0.2716,0.2754,196801
1556938800,1556942399,0.2754,0.2754,0.2715,0.2715,2582
1556942400,1556945999,0.271,0.271,0.2676,0.2693,45902
1556946000,1556949599,0.2689,0.27,0.2687,0.2691,3433
1556949600,1556953199,0.2691,0.2707,0.2688,0.2707,8966
1556953200,1556956799,0.2707,0.2713,0.2696,0.2696,38757
1556956800,1556960399,0.2695,0.2702,0.2692,0.27,15657
1556960400,1556963999,0.2699,0.2707,0.2672,0.2672,22491
1556964000,1556967599,0.2674,0.2688,0.2668,0.2686,80107
1556967600,1556971199,0.2685,0.2688,0.2672,0.2686,19738
1556971200,1556974799,0.2684,0.2688,0.2665,0.2673,36261
1556974800,1556978399,0.267,0.268,0.2633,0.2646,106733
1556978400,1556981999,0.265,0.2657,0.2632,0.2654,50775
1556982000,1556985599,0.2649,0.2656,0.264,0.2651,155244
1556985600,1556989199,0.265,0.2665,0.2639,0.2665,16001
1556989200,1556992799,0.2665,0.2674,0.2661,0.2674,31046
1556992800,1556996399,0.2665,0.2671,0.2661,0.2663,27439
1556996400,1556999999,0.2661,0.2669,0.2654,0.2668,23274
1557000000,1557003599,0.2667,0.2679,0.2664,0.2673,28307
1557003600,1557007199,0.2671,0.2698,0.267,0.2693,77770
1557007200,1557010799,0.269,0.269,0.2675,0.2683,46251
1557010800,1557014399,0.2682,0.2687,0.2672,0.2679,28275
1557014400,1557017999,0.2677,0.2686,0.2669,0.2676,64488
1557018000,1557021599,0.2676,0.2682,0.2671,0.2682,2896
1557021600,1557025199,0.2675,0.2677,0.2672,0.2677,10343
1557025200,1557028799,0.2674,0.2675,0.2671,0.2675,3050
1557028800,1557032399,0.2673,0.2675,0.2665,0.2673,24565
1557032400,1557035999,0.2674,0.268,0.2672,0.268,15484
1557036000,1557039599,0.268,0.269,0.2673,0.2675,9548
1557039600,1557043199,0.2673,0.2679,0.2664,0.2664,11419
1557043200,1557046799,0.2668,0.2675,0.266,0.2675,24443
1557046800,1557050399,0.2674,0.2676,0.2661,0.2661,17840
1557050400,1557053999,0.2665,0.2673,0.2662,0.2671,26785
1557054000,1557057599,0.2666,0.2671,0.2661,0.2661,46163
1557057600,1557061199,0.2661,0.2664,0.2655,0.2662,13408
1557061200,1557064799,0.2662,0.2668,0.2659,0.2662,21683
1557064800,1557068399,0.2662,0.2665,0.2651,0.2658,52474
1557068400,1557071999,0.2658,0.2666,0.2654,0.2666,60819
1557072000,1557075599,0.2663,0.2667,0.2651,0.2665,49231
1557075600,1557079199,0.2659,0.2662,0.2647,0.2651,33361
1557079200,1557082799,0.2649,0.2658,0.2642,0.2653,53657
1557082800,1557086399,0.2653,0.2664,0.2653,0.2653,27726
1557086400,1557089999,0.2656,0.267,0.2653,0.267,45240
1557090000,1557093599,0.2669,0.2674,0.2662,0.2671,29526
1557093600,1557097199,0.2671,0.2675,0.2662,0.2663,46874
1557097200,1557100799,0.2663,0.2664,0.2653,0.2658,24785
1557100800,1557104399,0.2655,0.2664,0.2643,0.2643,3683
1557104400,1557107999,0.2643,0.2656,0.2625,0.2641,51441
1557108000,1557111599,0.2636,0.2639,0.2627,0.2631,8983
1557111600,1557115199,0.2634,0.2634,0.2626,0.2628,3434
1557115200,1557118799,0.2626,0.2631,0.2624,0.2631,17844
1557118800,1557122399,0.2633,0.2646,0.2632,0.264,20888
1557122400,1557125999,0.2635,0.2639,0.2618,0.2626,42866
1557126000,1557129599,0.2626,0.2631,0.2618,0.2618,58349
1557129600,1557133199,0.2616,0.2627,0.2615,0.2621,50870
1557133200,1557136799,0.2622,0.2653,0.262,0.2649,62097
1557136800,1557140399,0.2655,0.266,0.2641,0.2643,54153
1557140400,1557143999,0.2644,0.2657,0.2643,0.2657,33847
1557144000,1557147599,0.2652,0.2652,0.2641,0.2646,28426
1557147600,1557151199,0.2639,0.265,0.2637,0.2643,62955
1557151200,1557154799,0.2644,0.2697,0.2642,0.2676,106502
1557154800,1557158399,0.267,0.268,0.267,0.2672,21631
1557158400,1557161999,0.2677,0.2769,0.2677,0.2702,338774
1557162000,1557165599,0.2705,0.2716,0.2688,0.2693,67884
1557165600,1557169199,0.2696,0.2702,0.2696,0.2698,38008
1557169200,1557172799,0.2699,0.2699,0.2688,0.2693,39432
1557172800,1557176399,0.2693,0.2694,0.2672,0.2692,29990
1557176400,1557179999,0.2687,0.269,0.2682,0.2685,34311
1557180000,1557183599,0.2689,0.2699,0.2688,0.2691,11279
1557183600,1557187199,0.2694,0.2697,0.2681,0.2681,2277
1557187200,1557190799,0.2681,0.2703,0.2681,0.2703,38093
1557190800,1557194399,0.2707,0.2708,0.269,0.2692,17008
1557194400,1557197999,0.2696,0.271,0.2695,0.2695,52953
1557198000,1557201599,0.2701,0.2708,0.2696,0.2707,17762
1557201600,1557205199,0.2696,0.27,0.2687,0.2695,30195
1557205200,1557208799,0.269,0.2701,0.2688,0.2691,40110
1557208800,1557212399,0.2691,0.2697,0.2685,0.2697,68013
1557212400,1557215999,0.2697,0.2701,0.2686,0.2695,34510
1557216000,1557219599,0.2696,0.27,0.2689,0.2691,64399
1557219600,1557223199,0.2693,0.2702,0.2692,0.2696,76051
1557223200,1557226799,0.2696,0.2696,0.2684,0.2688,122788
1557226800,1557230399,0.2685,0.2689,0.2677,0.2685,44549
1557230400,1557233999,0.2685,0.2688,0.2682,0.2686,38094
1557234000,1557237599,0.2685,0.2696,0.2682,0.2695,66537
1557237600,1557241199,0.2695,0.27,0.2645,0.266,140871
1557241200,1557244799,0.266,0.2668,0.266,0.2663,57388
1557244800,1557248399,0.2664,0.2671,0.2663,0.2667,50908
1557248400,1557251999,0.2667,0.2667,0.2651,0.2651,32672
1557252000,1557255599,0.2653,0.2658,0.2652,0.2655,26054
1557255600,1557259199,0.2656,0.2656,0.2644,0.2651,97090
1557259200,1557262799,0.2652,0.266,0.2647,0.2657,39652
1557262800,1557266399,0.2655,0.2673,0.2653,0.267,41946
1557266400,1557269999,0.2672,0.2674,0.2653,0.2657,14453
1557270000,1557273599,0.2662,0.2665,0.2626,0.2631,67382
1557273600,1557277199,0.2631,0.2631,0.2614,0.2623,151440
1557277200,1557280799,0.2627,0.264,0.2624,0.264,11880
1557280800,1557284399,0.2637,0.2641,0.2635,0.264,3903
1557284400,1557287999,0.2637,0.2637,0.2632,0.2636,9343
1557288000,1557291599,0.2635,0.2638,0.263,0.2637,14098
1557291600,1557295199,0.2638,0.2645,0.2635,0.2645,13564
1557295200,1557298799,0.2646,0.2665,0.2646,0.2651,56898
1557298800,1557302399,0.2651,0.2653,0.2643,0.2649,14371
1557302400,1557305999,0.265,0.2652,0.2635,0.2644,94679
1557306000,1557309599,0.264,0.2645,0.2637,0.2638,59483
1557309600,1557313199,0.2641,0.2646,0.2634,0.2641,51930
1557313200,1557316799,0.264,0.2667,0.264,0.2658,258210
1557316800,1557320399,0.2658,0.2667,0.2655,0.2664,53919
1557320400,1557323999,0.2666,0.2666,0.2654,0.2658,64506
1557324000,1557327599,0.2659,0.2662,0.265,0.2653,40023
1557327600,1557331199,0.2655,0.266,0.2651,0.2659,34303
1557331200,1557334799,0.2658,0.267,0.2651,0.2661,87960
1557334800,1557338399,0.2661,0.2672,0.2655,0.2666,95706
1557338400,1557341999,0.2665,0.267,0.2656,0.2662,48154
1557342000,1557345599,0.2665,0.2672,0.266,0.267,61646
1557345600,1557349199,0.2665,0.2672,0.2662,0.2666,45541
1557349200,1557352799,0.2666,0.2672,0.2659,0.2661,91029
1557352800,1557356399,0.2663,0.2672,0.2659,0.266,20100
1557356400,1557359999,0.266,0.2664,0.265,0.2651,71320
1557360000,1557363599,0.2657,0.266,0.2641,0.2654,42825
1557363600,1557367199,0.2659,0.2675,0.2659,0.2671,10179
1557367200,1557370799,0.2665,0.2673,0.2661,0.2663,11360
1557370800,1557374399,0.2663,0.2664,0.2652,0.2654,4184
1557374400,1557377999,0.2659,0.2667,0.2654,0.2654,45708
1557378000,1557381599,0.265,0.2656,0.264,0.2645,27439
1557381600,1557385199,0.2649,0.2651,0.2642,0.2646,103301
1557385200,1557388799,0.2644,0.2651,0.2637,0.2651,101345
1557388800,1557392399,0.2654,0.2664,0.2651,0.2661,91193
1557392400,1557395999,0.266,0.2668,0.2648,0.266,81447
1557396000,1557399599,0.266,0.267,0.2651,0.2659,47625
1557399600,1557403199,0.2661,0.2661,0.2646,0.2649,85164
1557403200,1557406799,0.2649,0.265,0.2633,0.2637,60647
1557406800,1557410399,0.2637,0.2646,0.2626,0.2632,43583
1557410400,1557413999,0.2633,0.2642,0.263,0.2637,71808
1557414000,1557417599,0.2636,0.2637,0.2627,0.263,32923
1557417600,1557421199,0.263,0.2638,0.2622,0.2628,70513
1557421200,1557424799,0.2624,0.2626,0.2611,0.2612,51141
1557424800,1557428399,0.2612,0.2613,0.2594,0.2603,128468
1557428400,1557431999,0.2607,0.2617,0.2603,0.2617,32883
1557432000,1557435599,0.2615,0.2619,0.261,0.2614,34412
1557435600,1557439199,0.2613,0.2633,0.2611,0.2621,62990
1557439200,1557442799,0.2619,0.2624,0.26,0.2621,26926
1557442800,1557446399,0.2624,0.2633,0.2617,0.2617,12373
1557446400,1557449999,0.2617,0.2617,0.2601,0.2603,4362
1557450000,1557453599,0.26,0.2611,0.2599,0.2611,16161
1557453600,1557457199,0.2611,0.2611,0.2596,0.2603,10723
1557457200,1557460799,0.2599,0.2602,0.2589,0.2599,23625
1557460800,1557464399,0.2598,0.268,0.2598,0.266,89241
1557464400,1557467999,0.2656,0.2667,0.2651,0.266,105336
1557468000,1557471599,0.2662,0.2682,0.2659,0.2673,195121
1557471600,1557475199,0.2671,0.2683,0.2653,0.2654,462093
1557475200,1557478799,0.2656,0.2694,0.2637,0.264,309309
1557478800,1557482399,0.2643,0.2658,0.2634,0.2657,67835
1557482400,1557485999,0.2657,0.2659,0.2651,0.2655,103144
1557486000,1557489599,0.2655,0.2655,0.264,0.2649,139976
1557489600,1557493199,0.265,0.265,0.2632,0.2638,92180
1557493200,1557496799,0.2633,0.2644,0.2631,0.2633,46409
1557496800,1557500399,0.263,0.2644,0.2627,0.2644,101898
1557500400,1557503999,0.2643,0.2649,0.2637,0.2648,75631
1557504000,1557507599,0.2647,0.2654,0.2642,0.2647,65135
1557507600,1557511199,0.2641,0.266,0.2641,0.266,92847
1557511200,1557514799,0.266,0.266,0.265,0.2654,61476
1557514800,1557518399,0.2655,0.2655,0.265,0.2651,6491
1557518400,1557521999,0.2653,0.2658,0.2644,0.2644,45759
1557522000,1557525599,0.2643,0.265,0.2633,0.2644,57096
1557525600,1557529199,0.2647,0.2651,0.2638,0.2651,59107
1557529200,1557532799,0.2648,0.2651,0.2644,0.2651,6256
1557532800,1557536399,0.2657,0.2657,0.2647,0.2655,7221
1557536400,1557539999,0.2654,0.2656,0.2646,0.2649,3670
1557540000,1557543599,0.2654,0.2661,0.2651,0.2661,4922
1557543600,1557547199,0.2652,0.2685,0.2648,0.2674,58496
1557547200,1557550799,0.2685,0.2695,0.2653,0.2659,112846
1557550800,1557554399,0.2659,0.2673,0.2656,0.267,183483
1557554400,1557557999,0.267,0.2697,0.2664,0.2681,350056
1557558000,1557561599,0.2684,0.2694,0.2662,0.2683,159803
1557561600,1557565199,0.2683,0.2744,0.2676,0.2727,405788
1557565200,1557568799,0.273,0.2799,0.2727,0.2766,539343
1557568800,1557572399,0.2766,0.283,0.2766,0.2814,417408
1557572400,1557575999,0.281,0.283,0.2766,0.2766,169268
1557576000,1557579599,0.2773,0.2783,0.275,0.2775,127611
1557579600,1557583199,0.2775,0.2817,0.2769,0.2804,196917
1557583200,1557586799,0.2801,0.2906,0.2779,0.2906,289965
1557586800,1557590399,0.2906,0.2918,0.2834,0.2883,257171
1557590400,1557593999,0.2865,0.2977,0.2839,0.2854,287814
1557594000,1557597599,0.2856,0.297,0.2849,0.295,334762
1557597600,1557601199,0.295,0.2969,0.2905,0.2949,291973
1557601200,1557604799,0.2954,0.2955,0.2857,0.2899,208416
1557604800,1557608399,0.2891,0.2934,0.2877,0.2914,104592
1557608400,1557611999,0.2905,0.2917,0.288,0.2893,110693
1557612000,1557615599,0.2906,0.3013,0.2871,0.3012,372620
1557615600,1557619199,0.3008,0.3014,0.28,0.2862,369408
1557619200,1557622799,0.2814,0.2878,0.268,0.2732,264152
1557622800,1557626399,0.274,0.2837,0.274,0.2837,101329
1557626400,1557629999,0.2837,0.2837,0.2822,0.2822,15387
1557630000,1557633599,0.2808,0.282,0.2795,0.2806,22154
1557633600,1557637199,0.2822,0.2856,0.2818,0.2836,35927
1557637200,1557640799,0.2835,0.2889,0.2831,0.2877,120965
1557640800,1557644399,0.2879,0.2889,0.2851,0.2889,189647
1557644400,1557647999,0.2878,0.297,0.2867,0.2926,456084
1557648000,1557651599,0.2914,0.2946,0.2808,0.2877,739837
1557651600,1557655199,0.2875,0.2882,0.283,0.2872,305338
1557655200,1557658799,0.2839,0.2851,0.2773,0.2775,213157
1557658800,1557662399,0.2773,0.2807,0.2741,0.2789,152102
1557662400,1557665999,0.2782,0.2796,0.2765,0.2788,87919
1557666000,1557669599,0.2792,0.2819,0.278,0.278,73828
1557669600,1557673199,0.278,0.2782,0.2723,0.2734,188362
1557673200,1557676799,0.2736,0.275,0.268,0.268,212735
1557676800,1557680399,0.268,0.2737,0.2665,0.267,135077
1557680400,1557683999,0.2668,0.2727,0.2668,0.2706,74709
1557684000,1557687599,0.2727,0.2782,0.2711,0.2769,196830
1557687600,1557691199,0.2771,0.2784,0.2752,0.2767,84052
1557691200,1557694799,0.2765,0.2796,0.2754,0.2789,50057
1557694800,1557698399,0.2789,0.2798,0.2772,0.2791,99142
1557698400,1557701999,0.2786,0.2802,0.2747,0.2762,72336
1557702000,1557705599,0.2754,0.2765,0.2733,0.2754,45036
1557705600,1557709199,0.2745,0.2869,0.2745,0.2858,153040
1557709200,1557712799,0.2861,0.2861,0.2815,0.2817,67213
1557712800,1557716399,0.2822,0.2848,0.2822,0.2834,15275
1557716400,1557719999,0.2834,0.2863,0.2828,0.2855,38315
1557720000,1557723599,0.2856,0.2924,0.2833,0.2904,164837
1557723600,1557727199,0.2903,0.2908,0.2859,0.2871,79515
1557727200,1557730799,0.2862,0.2905,0.2857,0.2865,108772
1557730800,1557734399,0.2867,0.2867,0.2806,0.283,82964
1557734400,1557737999,0.2824,0.285,0.2803,0.2834,107622
1557738000,1557741599,0.2833,0.2857,0.2833,0.2846,165124
1557741600,1557745199,0.2846,0.285,0.2828,0.2843,70261
1557745200,1557748799,0.2848,0.2887,0.2847,0.2871,265489
1557748800,1557752399,0.2862,0.288,0.2845,0.2854,153827
1557752400,1557755999,0.2861,0.2924,0.2849,0.2892,219185
1557756000,1557759599,0.289,0.293,0.2875,0.2888,146344
1557759600,1557763199,0.2887,0.295,0.2883,0.2926,939808
1557763200,1557766799,0.2925,0.295,0.2902,0.2937,396437
1557766800,1557770399,0.2937,0.2939,0.289,0.2908,218512
1557770400,1557773999,0.2909,0.294,0.2909,0.2932,117214
1557774000,1557777599,0.2931,0.2949,0.2919,0.2939,209152
1557777600,1557781199,0.2939,0.2943,0.292,0.2925,152213
1557781200,1557784799,0.2921,0.2948,0.291,0.2944,185785
1557784800,1557788399,0.2948,0.296,0.2897,0.2897,255004
1557788400,1557791999,0.2896,0.2905,0.286,0.2899,306579
1557792000,1557795599,0.2891,0.2914,0.2878,0.2908,108936
1557795600,1557799199,0.2908,0.3152,0.2901,0.3125,790426
1557799200,1557802799,0.3123,0.3349,0.3072,0.3292,756170
1557802800,1557806399,0.3295,0.3314,0.3215,0.3263,429896
1557806400,1557809999,0.3278,0.3558,0.3278,0.3524,739683
1557810000,1557813599,0.3527,0.36,0.3434,0.3478,1187296
1557813600,1557817199,0.3486,0.3545,0.345,0.345,656297
1557817200,1557820799,0.345,0.3529,0.3436,0.3502,796323
1557820800,1557824399,0.3499,0.3526,0.3269,0.3315,1521409
1557824400,1557827999,0.3304,0.3419,0.3304,0.3367,572962
1557828000,1557831599,0.337,0.3434,0.3315,0.3421,490486
1557831600,1557835199,0.3425,0.346,0.337,0.342,334585
1557835200,1557838799,0.342,0.3511,0.3411,0.3478,354491
1557838800,1557842399,0.3472,0.3512,0.341,0.3498,400516
1557842400,1557845999,0.3507,0.3799,0.3498,0.3739,2161864
1557846000,1557849599,0.3748,0.378,0.3472,0.3529,1462650
1557849600,1557853199,0.3517,0.3639,0.3311,0.3631,1570101
1557853200,1557856799,0.362,0.3626,0.353,0.3616,590631
1557856800,1557860399,0.3603,0.3617,0.3454,0.3469,543330
1557860400,1557863999,0.3471,0.3546,0.3373,0.3524,1276583
1557864000,1557867599,0.3534,0.3625,0.3434,0.3473,475182
1557867600,1557871199,0.3472,0.359,0.3397,0.3527,399838
1557871200,1557874799,0.3539,0.365,0.3525,0.3548,668931
1557874800,1557878399,0.355,0.3666,0.351,0.3654,220996
1557878400,1557881999,0.3651,0.3833,0.3648,0.3833,489815
1557882000,1557885599,0.3833,0.3993,0.3814,0.3891,458802
1557885600,1557889199,0.3877,0.392,0.3771,0.3901,171635
1557889200,1557892799,0.3898,0.3939,0.3846,0.3887,106105
1557892800,1557896399,0.3868,0.389,0.3785,0.3785,273637
1557896400,1557899999,0.38,0.3929,0.3783,0.3861,422152
1557900000,1557903599,0.3856,0.3899,0.3791,0.3803,417525
1557903600,1557907199,0.3793,0.3827,0.3668,0.3768,870514
1557907200,1557910799,0.3766,0.385,0.3704,0.3765,396077
1557910800,1557914399,0.3755,0.392,0.3752,0.3887,565484
1557914400,1557917999,0.3883,0.3963,0.388,0.3896,773032
1557918000,1557921599,0.3895,0.3944,0.3829,0.3829,454358
1557921600,1557925199,0.3828,0.3879,0.3762,0.3822,396688
1557925200,1557928799,0.3828,0.3875,0.3742,0.3793,394494
1557928800,1557932399,0.3793,0.3803,0.3742,0.3767,336394
1557932400,1557935999,0.3758,0.388,0.3756,0.3864,365501
1557936000,1557939599,0.3871,0.3944,0.3807,0.3908,464461
1557939600,1557943199,0.3899,0.3977,0.3874,0.3908,442371
1557943200,1557946799,0.3908,0.3937,0.3838,0.3869,516195
1557946800,1557950399,0.3871,0.3915,0.3851,0.3885,355826
1557950400,1557953999,0.3886,0.3898,0.3845,0.3885,311822
1557954000,1557957599,0.3879,0.3946,0.3854,0.3912,233338
1557957600,1557961199,0.3912,0.4233,0.3905,0.4124,1351735
1557961200,1557964799,0.4141,0.4184,0.4081,0.4085,499278
1557964800,1557968399,0.41,0.4212,0.4052,0.4154,307265
1557968400,1557971999,0.4153,0.43,0.4094,0.4239,416938
1557972000,1557975599,0.4259,0.4294,0.4194,0.4241,171074
1557975600,1557979199,0.4266,0.4269,0.4135,0.4152,193581
1557979200,1557982799,0.4169,0.4174,0.3881,0.3985,681598
1557982800,1557986399,0.3985,0.404,0.3908,0.3948,416752
1557986400,1557989999,0.3948,0.4097,0.3914,0.4055,391599
1557990000,1557993599,0.4052,0.4092,0.3971,0.3981,404300
1557993600,1557997199,0.3971,0.399,0.3923,0.393,356804
1557997200,1558000799,0.3935,0.3976,0.3508,0.3651,1213224
1558000800,1558004399,0.3669,0.3739,0.3551,0.3681,1200348
1558004400,1558007999,0.3684,0.3787,0.3671,0.3695,398884
1558008000,1558011599,0.3686,0.3743,0.3538,0.3573,452976
1558011600,1558015199,0.3567,0.371,0.3567,0.3691,479397
1558015200,1558018799,0.3701,0.3863,0.369,0.3788,407644
1558018800,1558022399,0.3794,0.392,0.376,0.3919,654448
1558022400,1558025999,0.3922,0.3974,0.3765,0.3776,706576
1558026000,1558029599,0.3774,0.3821,0.3658,0.3764,297439
1558029600,1558033199,0.3759,0.381,0.3718,0.3755,96648
1558033200,1558036799,0.3757,0.3759,0.3652,0.3712,277352
1558036800,1558040399,0.3713,0.3751,0.3601,0.3602,295145
1558040400,1558043999,0.3601,0.3798,0.36,0.3792,210185
1558044000,1558047599,0.3792,0.3834,0.3716,0.3716,167312
1558047600,1558051199,0.3715,0.3765,0.3695,0.3765,86146
1558051200,1558054799,0.3752,0.38,0.37,0.37,83186
1558054800,1558058399,0.37,0.37,0.3587,0.3613,215565
1558058400,1558061999,0.3617,0.3649,0.3428,0.3453,509783
1558062000,1558065599,0.3443,0.3492,0.321,0.348,2702288
1558065600,1558069199,0.3482,0.3545,0.3385,0.3404,307265
1558069200,1558072799,0.3409,0.3463,0.3335,0.3351,346115
1558072800,1558076399,0.3351,0.3424,0.3251,0.3328,583201
1558076400,1558079999,0.333,0.346,0.333,0.3419,456198
1558080000,1558083599,0.341,0.3441,0.3366,0.3411,319892
1558083600,1558087199,0.3411,0.3441,0.338,0.3424,191256
1558087200,1558090799,0.3423,0.3423,0.33,0.3359,898436
1558090800,1558094399,0.3349,0.3369,0.325,0.329,414656
1558094400,1558097999,0.3287,0.3345,0.3201,0.3316,686872
1558098000,1558101599,0.3324,0.353,0.3309,0.3401,627597
1558101600,1558105199,0.339,0.3467,0.3341,0.3341,428227
1558105200,1558108799,0.334,0.3366,0.3301,0.3311,149943
1558108800,1558112399,0.3305,0.3407,0.3245,0.3337,332947
1558112400,1558115999,0.3339,0.3358,0.3277,0.3299,249996
1558116000,1558119599,0.3288,0.3331,0.327,0.3322,192121
1558119600,1558123199,0.3327,0.3332,0.3299,0.3332,90422
1558123200,1558126799,0.3331,0.3332,0.3304,0.3331,62272
1558126800,1558130399,0.333,0.3465,0.333,0.3459,171279
1558130400,1558133999,0.3464,0.3483,0.3396,0.3425,204270
1558134000,1558137599,0.3428,0.3525,0.3428,0.35,119890
1558137600,1558141199,0.3517,0.355,0.3419,0.3443,219539
1558141200,1558144799,0.3476,0.3522,0.3383,0.3397,90591
1558144800,1558148399,0.3418,0.3436,0.3394,0.3432,60806
1558148400,1558151999,0.3464,0.3531,0.3447,0.346,95474
1558152000,1558155599,0.3464,0.352,0.3426,0.3472,46547
1558155600,1558159199,0.346,0.3523,0.3442,0.3469,153713
1558159200,1558162799,0.347,0.3514,0.342,0.343,113386
1558162800,1558166399,0.342,0.3469,0.3354,0.3363,114924
1558166400,1558169999,0.3371,0.3441,0.3357,0.3383,89981
1558170000,1558173599,0.338,0.3389,0.3297,0.3336,225812
1558173600,1558177199,0.3337,0.3399,0.3318,0.3354,231388
1558177200,1558180799,0.336,0.3397,0.3357,0.3384,63571
1558180800,1558184399,0.3371,0.3407,0.3342,0.3363,153286
1558184400,1558187999,0.3361,0.3385,0.3317,0.3359,68111
1558188000,1558191599,0.3366,0.3409,0.3364,0.3395,178487
1558191600,1558195199,0.3384,0.3429,0.3378,0.3401,82128
1558195200,1558198799,0.34,0.3421,0.3375,0.3385,96208
1558198800,1558202399,0.3384,0.3388,0.3346,0.3358,73408
1558202400,1558205999,0.3352,0.3367,0.334,0.3367,35709
1558206000,1558209599,0.3367,0.3383,0.3359,0.3365,45930
1558209600,1558213199,0.3365,0.3391,0.3346,0.3377,28050
1558213200,1558216799,0.3374,0.34,0.3357,0.339,99100
1558216800,1558220399,0.3392,0.3398,0.3375,0.3385,33059
1558220400,1558223999,0.3376,0.3417,0.3341,0.3357,122871
1558224000,1558227599,0.3348,0.3403,0.3348,0.3361,109108
1558227600,1558231199,0.3363,0.3485,0.3363,0.3467,90300
1558231200,1558234799,0.3472,0.3518,0.3466,0.348,124857
1558234800,1558238399,0.3481,0.355,0.348,0.3531,96161
1558238400,1558241999,0.353,0.3546,0.3503,0.3545,100233
1558242000,1558245599,0.3538,0.3571,0.3528,0.3538,124698
1558245600,1558249199,0.3541,0.3568,0.3526,0.3528,95041
1558249200,1558252799,0.3529,0.372,0.3519,0.3696,378818
1558252800,1558256399,0.368,0.3698,0.3626,0.3669,349552
1558256400,1558259999,0.367,0.3747,0.3657,0.3737,360194
1558260000,1558263599,0.3737,0.375,0.3692,0.3704,369811
1558263600,1558267199,0.3705,0.3706,0.3613,0.3636,1020825
1558267200,1558270799,0.362,0.3658,0.3551,0.3614,255257
1558270800,1558274399,0.3614,0.3652,0.359,0.3609,133396
1558274400,1558277999,0.3609,0.3654,0.36,0.3654,88776
1558278000,1558281599,0.3651,0.3694,0.3637,0.3687,80663
1558281600,1558285199,0.3682,0.37,0.3626,0.3666,127938
1558285200,1558288799,0.366,0.37,0.3658,0.37,67285
1558288800,1558292399,0.37,0.37,0.3667,0.3676,91805
1558292400,1558295999,0.3675,0.3694,0.3646,0.3659,178675
1558296000,1558299599,0.3658,0.3682,0.363,0.3674,67376
1558299600,1558303199,0.3672,0.38,0.3672,0.3782,228921
1558303200,1558306799,0.378,0.3847,0.3738,0.3828,297708
1558306800,1558310399,0.3839,0.384,0.3696,0.3747,282952
1558310400,1558313999,0.374,0.374,0.3544,0.3588,435273
1558314000,1558317599,0.3566,0.3634,0.3566,0.3626,19689
1558317600,1558321199,0.3627,0.3627,0.3575,0.3582,12531
1558321200,1558324799,0.3581,0.366,0.3581,0.366,18888
1558324800,1558328399,0.3666,0.3669,0.361,0.361,115009
1558328400,1558331999,0.361,0.3634,0.358,0.3632,54800
1558332000,1558335599,0.3619,0.3631,0.3531,0.3571,442709
1558335600,1558339199,0.3571,0.3608,0.3547,0.356,272756
1558339200,1558342799,0.3562,0.3566,0.3496,0.3543,234973
1558342800,1558346399,0.3551,0.36,0.3533,0.3587,100026
1558346400,1558349999,0.3587,0.3612,0.3563,0.3576,49925
1558350000,1558353599,0.3578,0.3589,0.3524,0.3535,79841
1558353600,1558357199,0.353,0.3568,0.3443,0.3467,443610
1558357200,1558360799,0.3469,0.3485,0.3414,0.3479,332624
1558360800,1558364399,0.3489,0.3514,0.3453,0.3514,174647
1558364400,1558367999,0.3512,0.3538,0.3486,0.3536,108932
1558368000,1558371599,0.3533,0.3538,0.3504,0.351,103076
1558371600,1558375199,0.351,0.3538,0.3482,0.3482,101594
1558375200,1558378799,0.3486,0.3509,0.3468,0.3489,56354
1558378800,1558382399,0.3494,0.3538,0.3487,0.353,118336
1558382400,1558385999,0.3527,0.3628,0.3522,0.3627,121322
1558386000,1558389599,0.3626,0.3664,0.3587,0.3597,325665
1558389600,1558393199,0.3596,0.3605,0.3546,0.3568,142630
1558393200,1558396799,0.3569,0.36,0.3547,0.3573,155946
1558396800,1558400399,0.3583,0.3603,0.3555,0.3555,61993
1558400400,1558403999,0.356,0.3578,0.3557,0.3561,19549
1558404000,1558407599,0.3549,0.3549,0.3497,0.3541,55644
1558407600,1558411199,0.3547,0.3547,0.3523,0.3529,3330
1558411200,1558414799,0.3529,0.3529,0.3492,0.3505,28228
1558414800,1558418399,0.3506,0.3541,0.3491,0.3541,22928
1558418400,1558421999,0.3534,0.3549,0.3522,0.3542,33143
1558422000,1558425599,0.3542,0.357,0.3529,0.354,122022
1558425600,1558429199,0.3533,0.3582,0.3532,0.3565,168949
1558429200,1558432799,0.3554,0.3625,0.3553,0.3604,92681
1558432800,1558436399,0.3605,0.3611,0.3548,0.357,63461
1558436400,1558439999,0.3571,0.3584,0.3513,0.3539,188781
1558440000,1558443599,0.3534,0.3556,0.3504,0.355,67806
1558443600,1558447199,0.3546,0.3672,0.3546,0.356,217414
1558447200,1558450799,0.356,0.357,0.3531,0.357,74525
1558450800,1558454399,0.357,0.3574,0.3551,0.3555,48734
1558454400,1558457999,0.3565,0.3569,0.3542,0.3562,135148
1558458000,1558461599,0.3565,0.3599,0.3565,0.3599,114783
1558461600,1558465199,0.36,0.3624,0.3584,0.361,148710
1558465200,1558468799,0.3612,0.3612,0.3571,0.3593,112889
1558468800,1558472399,0.3595,0.3639,0.3589,0.3626,124917
1558472400,1558475999,0.3623,0.3641,0.3591,0.3595,282391
1558476000,1558479599,0.3604,0.3604,0.357,0.3585,80115
1558479600,1558483199,0.3584,0.3599,0.3569,0.3575,135180
1558483200,1558486799,0.3567,0.3651,0.3567,0.3651,24973
1558486800,1558490399,0.366,0.3707,0.3581,0.3585,156883
1558490400,1558493999,0.3585,0.3638,0.3564,0.3618,64086
1558494000,1558497599,0.3627,0.3633,0.3596,0.3599,34066
1558497600,1558501199,0.3596,0.3623,0.3568,0.362,75495
1558501200,1558504799,0.3623,0.3645,0.3613,0.3628,59668
1558504800,1558508399,0.3631,0.3644,0.3603,0.3618,128396
1558508400,1558511999,0.3617,0.3622,0.3586,0.3599,130155
1558512000,1558515599,0.3594,0.3624,0.359,0.3591,167760
1558515600,1558519199,0.3591,0.3597,0.3541,0.3541,131416
1558519200,1558522799,0.3537,0.3557,0.3503,0.3532,233741
1558522800,1558526399,0.3532,0.3532,0.3453,0.3491,272842
1558526400,1558529999,0.3495,0.353,0.3489,0.349,102516
1558530000,1558533599,0.3489,0.3517,0.3475,0.3512,104048
1558533600,1558537199,0.3517,0.3537,0.3506,0.3522,72683
1558537200,1558540799,0.3524,0.3595,0.3501,0.3545,215937
1558540800,1558544399,0.3552,0.3552,0.3514,0.3534,68623
1558544400,1558547999,0.3531,0.3556,0.3495,0.3512,208880
1558548000,1558551599,0.3511,0.3525,0.35,0.352,119115
1558551600,1558555199,0.352,0.353,0.3502,0.3525,88813
1558555200,1558558799,0.3525,0.353,0.333,0.3431,905210
1558558800,1558562399,0.343,0.343,0.3332,0.3332,245213
1558562400,1558565999,0.3336,0.34,0.3297,0.3397,171415
1558566000,1558569599,0.3391,0.3398,0.332,0.332,139572
1558569600,1558573199,0.3326,0.3362,0.3321,0.3348,27610
1558573200,1558576799,0.3366,0.3368,0.3337,0.3342,106976
1558576800,1558580399,0.3348,0.3372,0.3341,0.3366,40481
1558580400,1558583999,0.3365,0.3365,0.3335,0.3357,32088
1558584000,1558587599,0.336,0.336,0.334,0.3352,88898
1558587600,1558591199,0.3352,0.3357,0.3299,0.3321,190244
1558591200,1558594799,0.332,0.332,0.327,0.3315,139483
1558594800,1558598399,0.3315,0.3321,0.3277,0.3279,205457
1558598400,1558601999,0.3279,0.3303,0.3251,0.3294,203028
1558602000,1558605599,0.3285,0.3325,0.3265,0.331,119406
1558605600,1558609199,0.3316,0.3348,0.331,0.3348,123291
1558609200,1558612799,0.3342,0.3353,0.3326,0.3333,100652
1558612800,1558616399,0.3329,0.3335,0.3308,0.3335,73680
1558616400,1558619999,0.3334,0.3359,0.3323,0.3348,167898
1558620000,1558623599,0.3348,0.3414,0.3346,0.3386,134963
1558623600,1558627199,0.3385,0.3396,0.3368,0.337,432227
1558627200,1558630799,0.3369,0.34,0.3369,0.3387,66530
1558630800,1558634399,0.3395,0.3398,0.3355,0.336,72220
1558634400,1558637999,0.3366,0.3377,0.334,0.3365,117930
1558638000,1558641599,0.3366,0.3372,0.334,0.336,150139
1558641600,1558645199,0.3359,0.341,0.3357,0.341,90087
1558645200,1558648799,0.3402,0.3449,0.338,0.3432,262446
1558648800,1558652399,0.344,0.3448,0.3416,0.342,102709
1558652400,1558655999,0.3417,0.3426,0.3403,0.342,25156
1558656000,1558659599,0.3398,0.342,0.3398,0.3417,75579
1558659600,1558663199,0.3425,0.3429,0.3405,0.3407,14588
1558663200,1558666799,0.3402,0.3402,0.3384,0.3387,4706
1558666800,1558670399,0.3386,0.3398,0.3375,0.3382,45053
1558670400,1558673999,0.3389,0.3396,0.3368,0.3377,39769
1558674000,1558677599,0.3368,0.3371,0.3336,0.3359,26578
1558677600,1558681199,0.3358,0.3401,0.3337,0.3397,242049
1558681200,1558684799,0.34,0.3445,0.3393,0.3429,279893
1558684800,1558688399,0.3429,0.3499,0.3423,0.3456,301239
1558688400,1558691999,0.3456,0.3489,0.3445,0.3457,203082
1558692000,1558695599,0.3457,0.3473,0.3443,0.3452,124888
1558695600,1558699199,0.3459,0.3532,0.3454,0.3502,426697
1558699200,1558702799,0.3506,0.3515,0.348,0.3514,133636
1558702800,1558706399,0.3513,0.3519,0.3461,0.3485,272179
1558706400,1558709999,0.3483,0.3515,0.3475,0.3515,82617
1558710000,1558713599,0.351,0.3528,0.3488,0.3502,214350
1558713600,1558717199,0.3501,0.3529,0.3486,0.3486,124703
1558717200,1558720799,0.3483,0.3498,0.3461,0.3483,193885
1558720800,1558724399,0.3483,0.3489,0.3468,0.3474,57781
1558724400,1558727999,0.3465,0.3472,0.3437,0.3461,93504
1558728000,1558731599,0.3468,0.3512,0.3462,0.3505,99884
1558731600,1558735199,0.3507,0.3507,0.3479,0.3489,72206
1558735200,1558738799,0.3486,0.3487,0.3461,0.3467,50514
1558738800,1558742399,0.3463,0.3481,0.341,0.3422,85232
1558742400,1558745999,0.3442,0.3454,0.342,0.342,27887
1558746000,1558749599,0.3425,0.3469,0.3422,0.3466,15135
1558749600,1558753199,0.3462,0.3474,0.3447,0.3461,7668
1558753200,1558756799,0.3464,0.3477,0.3458,0.3462,8300
1558756800,1558760399,0.3479,0.3492,0.346,0.3469,35858
1558760400,1558763999,0.3472,0.3479,0.3433,0.3433,23297
1558764000,1558767599,0.3433,0.3444,0.3415,0.3432,45081
1558767600,1558771199,0.3431,0.3473,0.3422,0.346,77401
1558771200,1558774799,0.3462,0.3469,0.3443,0.3456,74211
1558774800,1558778399,0.3462,0.3493,0.345,0.348,97947
1558778400,1558781999,0.3482,0.3529,0.346,0.3524,161203
1558782000,1558785599,0.351,0.3529,0.3487,0.3495,118078
1558785600,1558789199,0.3483,0.3496,0.3471,0.3496,52089
1558789200,1558792799,0.3486,0.3486,0.3443,0.3465,154217
1558792800,1558796399,0.3457,0.3478,0.344,0.3478,62093
1558796400,1558799999,0.347,0.3485,0.3455,0.3463,46087
1558800000,1558803599,0.3466,0.3468,0.3442,0.3457,107041
1558803600,1558807199,0.3464,0.3469,0.3442,0.3458,43083
1558807200,1558810799,0.3449,0.3483,0.3448,0.345,119195
1558810800,1558814399,0.3459,0.346,0.3426,0.3431,24580
1558814400,1558817999,0.3431,0.3444,0.3421,0.3443,48218
1558818000,1558821599,0.3438,0.3468,0.3432,0.3448,101267
1558821600,1558825199,0.3449,0.3476,0.3449,0.3473,51092
1558825200,1558828799,0.3473,0.3485,0.3445,0.3465,77451
1558828800,1558832399,0.3466,0.3471,0.3447,0.3454,5640
1558832400,1558835999,0.3446,0.3456,0.3437,0.3442,29886
1558836000,1558839599,0.3457,0.3467,0.3441,0.3443,1430
1558839600,1558843199,0.3441,0.3469,0.3427,0.3427,27424
1558843200,1558846799,0.3433,0.3468,0.3433,0.3444,51105
1558846800,1558850399,0.3446,0.3447,0.3406,0.3416,59051
1558850400,1558853999,0.3412,0.3425,0.3394,0.3413,40572
1558854000,1558857599,0.3414,0.3435,0.3399,0.3424,27824
1558857600,1558861199,0.3431,0.3432,0.341,0.342,31795
1558861200,1558864799,0.342,0.3435,0.342,0.3434,18156
1558864800,1558868399,0.3434,0.3434,0.3399,0.342,61561
1558868400,1558871999,0.3415,0.3421,0.336,0.339,181352
1558872000,1558875599,0.3388,0.3407,0.3371,0.3394,108981
1558875600,1558879199,0.34,0.3419,0.3376,0.3411,89750
1558879200,1558882799,0.3414,0.3434,0.341,0.3432,29841
1558882800,1558886399,0.3425,0.3432,0.3408,0.3422,64854
1558886400,1558889999,0.343,0.3431,0.3411,0.3424,39377
1558890000,1558893599,0.3423,0.344,0.3414,0.3428,22312
1558893600,1558897199,0.343,0.345,0.3423,0.3448,46926
1558897200,1558900799,0.3444,0.3589,0.3444,0.3548,1002056
1558900800,1558904399,0.355,0.3645,0.3548,0.3612,1027506
1558904400,1558907999,0.361,0.3683,0.3572,0.3679,328318
1558908000,1558911599,0.368,0.3702,0.361,0.3644,318621
1558911600,1558915199,0.3633,0.3664,0.3632,0.3644,81080
1558915200,1558918799,0.3644,0.3733,0.3644,0.3711,182510
1558918800,1558922399,0.3712,0.373,0.3647,0.3675,188571
1558922400,1558925999,0.3679,0.3679,0.3615,0.366,15439
1558926000,1558929599,0.367,0.3698,0.3667,0.3678,67574
1558929600,1558933199,0.3678,0.3683,0.3633,0.3636,81151
1558933200,1558936799,0.3649,0.3658,0.359,0.3657,128272
1558936800,1558940399,0.3657,0.3698,0.3655,0.369,136664
1558940400,1558943999,0.369,0.3707,0.367,0.3683,267708
1558944000,1558947599,0.3683,0.3683,0.3651,0.3667,217329
1558947600,1558951199,0.3663,0.3683,0.3658,0.3674,193422
1558951200,1558954799,0.3669,0.3695,0.3655,0.3679,326216
1558954800,1558958399,0.3674,0.3686,0.364,0.3657,202315
1558958400,1558961999,0.3657,0.3694,0.3657,0.3693,160365
1558962000,1558965599,0.3696,0.3739,0.3685,0.3712,285815
1558965600,1558969199,0.371,0.3743,0.3686,0.371,163510
1558969200,1558972799,0.371,0.3825,0.3708,0.3813,676220
1558972800,1558976399,0.3808,0.3998,0.3667,0.3723,1380573
1558976400,1558979999,0.3724,0.3793,0.3722,0.3741,337749
1558980000,1558983599,0.3731,0.3836,0.3724,0.3818,352071
1558983600,1558987199,0.382,0.3864,0.3802,0.383,392452
1558987200,1558990799,0.3839,0.3864,0.378,0.3788,188906
1558990800,1558994399,0.379,0.3842,0.3752,0.383,283654
1558994400,1558997999,0.383,0.3868,0.38,0.3868,204780
1558998000,1559001599,0.3868,0.3944,0.3857,0.3875,438807
1559001600,1559005199,0.3883,0.3928,0.3812,0.3822,301311
1559005200,1559008799,0.383,0.3889,0.3822,0.3869,58029
1559008800,1559012399,0.3872,0.3918,0.3847,0.3874,426934
1559012400,1559015999,0.3874,0.3874,0.3851,0.3858,36797
1559016000,1559019599,0.3865,0.3912,0.3858,0.3871,99403
1559019600,1559023199,0.3883,0.3883,0.3796,0.382,176952
1559023200,1559026799,0.3816,0.3823,0.3746,0.3797,495280
1559026800,1559030399,0.3794,0.3836,0.377,0.3836,220028
1559030400,1559033999,0.3833,0.3836,0.3802,0.3836,155690
1559034000,1559037599,0.3836,0.3874,0.383,0.3845,301751
1559037600,1559041199,0.384,0.3849,0.3783,0.3813,167887
1559041200,1559044799,0.381,0.3863,0.3798,0.386,433245
1559044800,1559048399,0.3858,0.3872,0.3826,0.383,277198
1559048400,1559051999,0.3839,0.3854,0.375,0.3805,435086
1559052000,1559055599,0.3806,0.3832,0.3791,0.3832,103467
1559055600,1559059199,0.3832,0.399,0.3827,0.3984,530500
1559059200,1559062799,0.3988,0.4015,0.3893,0.4015,1201446
1559062800,1559066399,0.4003,0.4145,0.3989,0.4096,1534989
1559066400,1559069999,0.4096,0.4103,0.4028,0.4074,405438
1559070000,1559073599,0.407,0.4109,0.3952,0.4025,684627
1559073600,1559077199,0.4024,0.406,0.3988,0.4059,243636
1559077200,1559080799,0.4046,0.4085,0.4013,0.4085,297064
1559080800,1559084399,0.4085,0.4096,0.404,0.4054,135839
1559084400,1559087999,0.4052,0.4052,0.4001,0.4034,119421
1559088000,1559091599,0.4021,0.4021,0.3962,0.3977,112035
1559091600,1559095199,0.3982,0.4,0.3967,0.3967,29557
1559095200,1559098799,0.3964,0.3967,0.3901,0.3936,150203
1559098800,1559102399,0.3933,0.3964,0.3921,0.3958,43846
1559102400,1559105999,0.3948,0.3952,0.3854,0.3904,253911
1559106000,1559109599,0.3904,0.3907,0.377,0.3818,425688
1559109600,1559113199,0.3805,0.3875,0.3801,0.3859,409361
1559113200,1559116799,0.3859,0.3914,0.385,0.39,243021
1559116800,1559120399,0.389,0.3938,0.3861,0.392,285379
1559120400,1559123999,0.3917,0.3927,0.388,0.3914,234055
1559124000,1559127599,0.3918,0.3999,0.3914,0.3979,315508
1559127600,1559131199,0.3974,0.3989,0.3935,0.3938,174439
1559131200,1559134799,0.3938,0.4058,0.3936,0.4053,421641
1559134800,1559138399,0.4046,0.4122,0.402,0.4091,609784
1559138400,1559141999,0.4079,0.4106,0.4039,0.405,320528
1559142000,1559145599,0.405,0.4089,0.4009,0.4049,221193
1559145600,1559149199,0.404,0.407,0.3973,0.4057,246500
1559149200,1559152799,0.405,0.4057,0.4,0.4007,472907
1559152800,1559156399,0.4004,0.4017,0.3979,0.4007,245214
1559156400,1559159999,0.4001,0.4069,0.4,0.406,325821
1559160000,1559163599,0.4055,0.409,0.3992,0.4017,408705
1559163600,1559167199,0.402,0.4072,0.4011,0.403,170603
1559167200,1559170799,0.4031,0.4073,0.4024,0.4033,111406
1559170800,1559174399,0.4022,0.4047,0.3992,0.4005,76641
1559174400,1559177999,0.4003,0.405,0.3933,0.405,157918
1559178000,1559181599,0.4042,0.406,0.3956,0.4006,153392
1559181600,1559185199,0.4004,0.4004,0.3958,0.398,14047
1559185200,1559188799,0.3983,0.4096,0.3983,0.4072,174573
1559188800,1559192399,0.4091,0.4095,0.4048,0.4075,100922
1559192400,1559195999,0.408,0.4216,0.408,0.4131,516140
1559196000,1559199599,0.413,0.4195,0.4121,0.417,239801
1559199600,1559203199,0.4161,0.4232,0.4133,0.4186,386187
1559203200,1559206799,0.4187,0.4191,0.4074,0.4161,537930
1559206800,1559210399,0.4151,0.4168,0.4122,0.416,387188
1559210400,1559213999,0.4154,0.42,0.4147,0.416,387688
1559214000,1559217599,0.4153,0.4205,0.4153,0.4177,266144
1559217600,1559221199,0.4177,0.4193,0.4156,0.418,191598
1559221200,1559224799,0.4179,0.4208,0.417,0.4191,159034
1559224800,1559228399,0.418,0.421,0.4147,0.4185,493353
1559228400,1559231999,0.4185,0.4269,0.4184,0.4248,548030
1559232000,1559235599,0.4247,0.4285,0.4011,0.4011,1361188
1559235600,1559239199,0.4023,0.4031,0.3865,0.4008,1256852
1559239200,1559242799,0.4,0.4047,0.3939,0.4047,365851
1559242800,1559246399,0.4049,0.4055,0.3952,0.3988,218269
1559246400,1559249999,0.3976,0.3987,0.3813,0.3876,967062
1559250000,1559253599,0.3876,0.3917,0.361,0.3717,1895614
1559253600,1559257199,0.3717,0.3813,0.3693,0.379,627246
1559257200,1559260799,0.3789,0.3809,0.3739,0.3783,317433
1559260800,1559264399,0.3772,0.3796,0.3768,0.3779,73848
1559264400,1559267999,0.3775,0.3849,0.3773,0.3773,76336
1559268000,1559271599,0.3769,0.3805,0.3765,0.3771,50776
1559271600,1559275199,0.377,0.3782,0.373,0.378,67167
1559275200,1559278799,0.3774,0.3786,0.3674,0.368,499642
1559278800,1559282399,0.368,0.3778,0.3672,0.3753,147221
1559282400,1559285999,0.3758,0.3798,0.3755,0.3784,188078
1559286000,1559289599,0.3769,0.3796,0.3733,0.3796,176072
1559289600,1559293199,0.3791,0.3809,0.3755,0.3773,201567
1559293200,1559296799,0.3766,0.3807,0.3761,0.3776,158252
1559296800,1559300399,0.3774,0.3818,0.3765,0.3782,588234
1559300400,1559303999,0.378,0.3798,0.3742,0.3773,262374
1559304000,1559307599,0.3773,0.3846,0.3761,0.3839,115696
1559307600,1559311199,0.3839,0.3883,0.3836,0.3876,261034
1559311200,1559314799,0.3863,0.3885,0.3848,0.388,120557
1559314800,1559318399,0.3865,0.3883,0.3781,0.3797,252409
1559318400,1559321999,0.3786,0.3869,0.3776,0.3831,126567
1559322000,1559325599,0.3819,0.3839,0.3804,0.3808,83144
1559325600,1559329199,0.3822,0.3866,0.382,0.3828,64699
1559329200,1559332799,0.3829,0.3857,0.3828,0.3847,475056
1559332800,1559336399,0.3847,0.3898,0.3847,0.3894,67597
1559336400,1559339999,0.3885,0.3926,0.3884,0.3919,195095
1559340000,1559343599,0.3918,0.3928,0.3876,0.3909,170401
1559343600,1559347199,0.3899,0.3974,0.3899,0.3942,134968
1559347200,1559350799,0.394,0.3959,0.3885,0.3954,56801
1559350800,1559354399,0.3955,0.3959,0.3923,0.3938,15295
1559354400,1559357999,0.3938,0.3939,0.3906,0.3929,48911
1559358000,1559361599,0.3924,0.3942,0.3915,0.3921,19579
1559361600,1559365199,0.3918,0.3941,0.3905,0.3941,50141
1559365200,1559368799,0.3929,0.3929,0.3855,0.3878,136659
1559368800,1559372399,0.3868,0.3913,0.3855,0.3901,94444
1559372400,1559375999,0.3899,0.391,0.3887,0.3906,57351
1559376000,1559379599,0.3901,0.3928,0.3885,0.3912,55233
1559379600,1559383199,0.3914,0.3955,0.3907,0.3927,66141
1559383200,1559386799,0.3933,0.394,0.3906,0.3918,49597
1559386800,1559390399,0.3919,0.3926,0.389,0.3914,34875
1559390400,1559393999,0.3916,0.3925,0.389,0.3902,47025
1559394000,1559397599,0.3902,0.3904,0.3866,0.3866,91188
1559397600,1559401199,0.3876,0.3883,0.375,0.382,342592
1559401200,1559404799,0.3817,0.3842,0.3799,0.3835,361763
1559404800,1559408399,0.3839,0.3874,0.3836,0.386,126952
1559408400,1559411999,0.3859,0.3865,0.382,0.3849,71301
1559412000,1559415599,0.3839,0.3859,0.3828,0.383,27573
1559415600,1559419199,0.383,0.3848,0.381,0.3847,72717
1559419200,1559422799,0.3837,0.3857,0.3833,0.3842,43994
1559422800,1559426399,0.3846,0.3907,0.3838,0.39,52448
1559426400,1559429999,0.3903,0.3906,0.385,0.3883,36614
1559430000,1559433599,0.3889,0.389,0.3829,0.3844,39117
1559433600,1559437199,0.3857,0.3887,0.3851,0.3873,4894
1559437200,1559440799,0.3868,0.3889,0.3868,0.3877,1396
1559440800,1559444399,0.3882,0.3889,0.387,0.3871,651
1559444400,1559447999,0.3858,0.3876,0.3849,0.3853,4625
1559448000,1559451599,0.3867,0.3888,0.3864,0.3883,3538
1559451600,1559455199,0.3889,0.3896,0.3871,0.3896,21680
1559455200,1559458799,0.3895,0.3912,0.3885,0.3911,24015
1559458800,1559462399,0.3919,0.3963,0.3898,0.395,258546
1559462400,1559465999,0.3956,0.396,0.3935,0.395,64683
1559466000,1559469599,0.3945,0.396,0.3936,0.3951,82721
1559469600,1559473199,0.3955,0.3956,0.3934,0.3954,402293
1559473200,1559476799,0.3955,0.3989,0.3951,0.3975,180294
1559476800,1559480399,0.3975,0.4001,0.3975,0.4,269052
1559480400,1559483999,0.4,0.4001,0.3901,0.3924,966266
1559484000,1559487599,0.3925,0.3963,0.3925,0.394,177317
1559487600,1559491199,0.394,0.4,0.393,0.3932,591181
1559491200,1559494799,0.3936,0.4,0.3922,0.3968,104840
1559494800,1559498399,0.3967,0.398,0.3913,0.3935,206890
1559498400,1559501999,0.3927,0.3949,0.3912,0.3948,74284
1559502000,1559505599,0.3948,0.396,0.3916,0.3946,90398
1559505600,1559509199,0.3946,0.3961,0.3931,0.3941,81715
1559509200,1559512799,0.3942,0.3989,0.394,0.3975,93670
1559512800,1559516399,0.3979,0.3989,0.3961,0.3988,52173
1559516400,1559519999,0.3985,0.4007,0.3979,0.3995,207405
1559520000,1559523599,0.3985,0.3985,0.3944,0.3953,21579
1559523600,1559527199,0.3953,0.397,0.3939,0.3969,20270
1559527200,1559530799,0.3969,0.415,0.3969,0.4083,264769
1559530800,1559534399,0.4085,0.4122,0.406,0.406,462732
1559534400,1559537999,0.406,0.4119,0.4048,0.4111,75769
1559538000,1559541599,0.4112,0.4144,0.4017,0.4033,201401
1559541600,1559545199,0.4049,0.4068,0.3925,0.3964,285720
1559545200,1559548799,0.3977,0.3978,0.3865,0.3941,446667
1559548800,1559552399,0.3944,0.3989,0.3918,0.3918,330329
1559552400,1559555999,0.3919,0.3955,0.3889,0.3951,303895
1559556000,1559559599,0.395,0.4026,0.3943,0.4015,222346
1559559600,1559563199,0.4015,0.4031,0.3967,0.398,287556
1559563200,1559566799,0.398,0.4028,0.3946,0.4006,175307
1559566800,1559570399,0.4006,0.401,0.393,0.3932,123154
1559570400,1559573999,0.3933,0.397,0.3878,0.3917,333012
1559574000,1559577599,0.3905,0.3953,0.3885,0.3938,203034
1559577600,1559581199,0.3934,0.3994,0.3912,0.3992,142000
1559581200,1559584799,0.3992,0.3992,0.3915,0.392,92141
1559584800,1559588399,0.3915,0.3952,0.391,0.3939,159155
1559588400,1559591999,0.3939,0.3966,0.3924,0.3957,122537
1559592000,1559595599,0.3948,0.3958,0.392,0.3922,140308
1559595600,1559599199,0.3922,0.394,0.3894,0.3924,218428
1559599200,1559602799,0.3923,0.3934,0.388,0.3913,76218
1559602800,1559606399,0.392,0.392,0.3725,0.3725,717360
1559606400,1559609999,0.3721,0.3721,0.352,0.3681,1163726
1559610000,1559613599,0.3683,0.3725,0.367,0.3688,135224
1559613600,1559617199,0.3683,0.3709,0.3656,0.3709,53547
1559617200,1559620799,0.3709,0.371,0.3599,0.3608,130125
1559620800,1559624399,0.3607,0.3669,0.3591,0.3669,193643
1559624400,1559627999,0.3663,0.3685,0.3621,0.3633,239691
1559628000,1559631599,0.3622,0.3635,0.3553,0.3594,497152
1559631600,1559635199,0.359,0.3626,0.355,0.362,298329
1559635200,1559638799,0.3626,0.3666,0.3626,0.3658,217064
1559638800,1559642399,0.366,0.367,0.3625,0.3653,163300
1559642400,1559645999,0.3652,0.3671,0.3644,0.3666,117034
1559646000,1559649599,0.3666,0.3671,0.3638,0.3647,128627
1559649600,1559653199,0.3647,0.3679,0.3638,0.3679,122470
1559653200,1559656799,0.368,0.3722,0.3677,0.3707,254817
1559656800,1559660399,0.3706,0.3707,0.368,0.3683,79433
1559660400,1559663999,0.368,0.369,0.3659,0.367,106094
1559664000,1559667599,0.367,0.3681,0.3627,0.3627,83841
1559667600,1559671199,0.3632,0.364,0.344,0.3477,1860899
1559671200,1559674799,0.3476,0.3549,0.3472,0.3512,439584
1559674800,1559678399,0.3505,0.3521,0.3424,0.3468,535780
1559678400,1559681999,0.3466,0.35,0.3441,0.348,309451
1559682000,1559685599,0.3479,0.351,0.342,0.342,262030
1559685600,1559689199,0.342,0.3504,0.3413,0.3498,219670
1559689200,1559692799,0.3501,0.3546,0.3484,0.3546,58363
1559692800,1559696399,0.3541,0.3581,0.3541,0.356,47054
1559696400,1559699999,0.355,0.3566,0.3529,0.3545,82253
1559700000,1559703599,0.3545,0.3589,0.3545,0.3582,34999
1559703600,1559707199,0.3585,0.3585,0.3549,0.3549,23643
1559707200,1559710799,0.3545,0.355,0.3534,0.355,86230
1559710800,1559714399,0.3544,0.358,0.353,0.3535,75367
1559714400,1559717999,0.3535,0.354,0.3488,0.3529,166309
1559718000,1559721599,0.3528,0.3615,0.3523,0.3577,303970
1559721600,1559725199,0.3576,0.3576,0.3546,0.3564,68304
1559725200,1559728799,0.3561,0.3575,0.355,0.3565,85435
1559728800,1559732399,0.356,0.3653,0.3556,0.3608,224404
1559732400,1559735999,0.3609,0.3655,0.3552,0.356,248314
1559736000,1559739599,0.356,0.3568,0.352,0.3534,109063
1559739600,1559743199,0.3534,0.3551,0.3511,0.3539,249821
1559743200,1559746799,0.3537,0.3552,0.3474,0.349,369127
1559746800,1559750399,0.3506,0.3516,0.3462,0.3488,167306
1559750400,1559753999,0.3475,0.3553,0.3475,0.3541,82080
1559754000,1559757599,0.3534,0.357,0.3516,0.355,187783
1559757600,1559761199,0.3551,0.3553,0.3535,0.3545,42517
1559761200,1559764799,0.3552,0.3586,0.3551,0.3584,114183
1559764800,1559768399,0.3584,0.3618,0.3534,0.3551,203785
1559768400,1559771999,0.3553,0.3578,0.352,0.3576,175616
1559772000,1559775599,0.3573,0.3596,0.3551,0.3584,57901
1559775600,1559779199,0.3583,0.3608,0.3569,0.3569,27967
1559779200,1559782799,0.357,0.3593,0.3569,0.3584,30495
1559782800,1559786399,0.3579,0.36,0.3579,0.3591,6299
1559786400,1559789999,0.359,0.36,0.3587,0.3593,15798
1559790000,1559793599,0.359,0.3614,0.359,0.3601,10972
1559793600,1559797199,0.3609,0.3611,0.3581,0.3591,27496
1559797200,1559800799,0.3585,0.3594,0.3554,0.3569,108280
1559800800,1559804399,0.357,0.3596,0.357,0.3586,86097
1559804400,1559807999,0.3593,0.3597,0.354,0.354,128100
1559808000,1559811599,0.3544,0.3588,0.353,0.3562,89934
1559811600,1559815199,0.3565,0.357,0.3565,0.3566,273542
1559815200,1559818799,0.3565,0.3578,0.3559,0.3576,63176
1559818800,1559822399,0.3578,0.3583,0.3569,0.3583,163827
1559822400,1559825999,0.3583,0.3583,0.3523,0.353,218290
1559826000,1559829599,0.3527,0.3547,0.3497,0.3539,99367
1559829600,1559833199,0.3539,0.3539,0.3475,0.3511,110252
1559833200,1559836799,0.3518,0.361,0.3506,0.361,83104
1559836800,1559840399,0.3614,0.3792,0.3573,0.3744,794130
1559840400,1559843999,0.3745,0.3769,0.3656,0.3659,203749
1559844000,1559847599,0.3651,0.3659,0.357,0.3653,372868
1559847600,1559851199,0.3646,0.3675,0.3624,0.3639,164132
1559851200,1559854799,0.3634,0.3716,0.3631,0.369,285536
1559854800,1559858399,0.369,0.3757,0.369,0.373,424846
1559858400,1559861999,0.3727,0.3734,0.3697,0.3726,220801
1559862000,1559865599,0.3733,0.3743,0.3712,0.3734,72703
1559865600,1559869199,0.3734,0.3734,0.3694,0.3701,173992
1559869200,1559872799,0.3701,0.3709,0.37,0.3702,134853
1559872800,1559876399,0.3702,0.374,0.3701,0.3729,20378
1559876400,1559879999,0.3728,0.3741,0.3719,0.3726,154403
1559880000,1559883599,0.373,0.3738,0.3717,0.3726,48822
1559883600,1559887199,0.3728,0.3744,0.372,0.3744,33797
1559887200,1559890799,0.3745,0.38,0.3744,0.3767,273037
1559890800,1559894399,0.3767,0.3767,0.3735,0.375,213701
1559894400,1559897999,0.3744,0.3767,0.3742,0.3759,141028
1559898000,1559901599,0.3759,0.3767,0.3729,0.3735,120112
1559901600,1559905199,0.3731,0.3751,0.3728,0.3744,88685
1559905200,1559908799,0.3745,0.375,0.3705,0.3722,119529
1559908800,1559912399,0.3721,0.3752,0.3718,0.3728,81401
1559912400,1559915999,0.3728,0.3754,0.3713,0.3732,125941
1559916000,1559919599,0.3732,0.3733,0.3719,0.3733,80396
1559919600,1559923199,0.3734,0.3775,0.3724,0.3772,449015
1559923200,1559926799,0.3772,0.3805,0.3764,0.3783,999852
1559926800,1559930399,0.3783,0.3798,0.3774,0.3797,174309
1559930400,1559933999,0.3798,0.3814,0.379,0.3805,174132
1559934000,1559937599,0.3803,0.3805,0.373,0.3732,268266
1559937600,1559941199,0.3732,0.375,0.372,0.372,352885
1559941200,1559944799,0.372,0.372,0.3691,0.3712,234680
1559944800,1559948399,0.3713,0.3756,0.3704,0.3753,99618
1559948400,1559951999,0.3756,0.3756,0.372,0.372,26038
1559952000,1559955599,0.3719,0.3739,0.3701,0.3728,15939
1559955600,1559959199,0.3722,0.3724,0.37,0.37,15730
1559959200,1559962799,0.3698,0.37,0.3672,0.3689,48246
1559962800,1559966399,0.369,0.371,0.3679,0.3679,25402
1559966400,1559969999,0.3686,0.371,0.3686,0.371,10617
1559970000,1559973599,0.3708,0.3726,0.369,0.369,35350
1559973600,1559977199,0.3694,0.3699,0.3683,0.3684,115230
1559977200,1559980799,0.3683,0.3703,0.3683,0.3687,96266
1559980800,1559984399,0.3687,0.371,0.3683,0.3709,48973
1559984400,1559987999,0.3714,0.3715,0.369,0.3709,45905
1559988000,1559991599,0.3709,0.372,0.3701,0.3701,24678
1559991600,1559995199,0.3701,0.3723,0.3697,0.3718,62526
1559995200,1559998799,0.3717,0.3729,0.3685,0.3691,46264
1559998800,1560002399,0.369,0.3705,0.3685,0.37,52605
1560002400,1560005999,0.3699,0.3703,0.3652,0.3668,87182
1560006000,1560009599,0.3668,0.367,0.3603,0.365,237833
1560009600,1560013199,0.3651,0.3651,0.3584,0.359,561242
1560013200,1560016799,0.3601,0.3601,0.3576,0.3592,38922
1560016800,1560020399,0.3592,0.375,0.3579,0.3592,475001
1560020400,1560023999,0.359,0.3595,0.3571,0.3571,92343
1560024000,1560027599,0.3579,0.3632,0.3574,0.3632,97429
1560027600,1560031199,0.3626,0.3641,0.3624,0.3637,62979
1560031200,1560034799,0.3637,0.3638,0.3622,0.3629,85986
1560034800,1560038399,0.3636,0.3637,0.3614,0.3614,39737
1560038400,1560041999,0.3621,0.3624,0.3583,0.3597,11914
1560042000,1560045599,0.3591,0.3604,0.3589,0.3601,8814
1560045600,1560049199,0.3601,0.3601,0.3577,0.3588,21442
1560049200,1560052799,0.359,0.3608,0.359,0.3608,3466
1560052800,1560056399,0.3612,0.3612,0.3596,0.3599,2291
1560056400,1560059999,0.3605,0.361,0.36,0.3606,36896
1560060000,1560063599,0.3605,0.3605,0.3584,0.3594,19529
1560063600,1560067199,0.3594,0.364,0.3586,0.3639,49714
1560067200,1560070799,0.3641,0.3641,0.3619,0.3628,53946
1560070800,1560074399,0.3627,0.3627,0.3606,0.362,32471
1560074400,1560077999,0.3613,0.3624,0.3604,0.3622,40463
1560078000,1560081599,0.3622,0.3624,0.3606,0.3608,12087
1560081600,1560085199,0.3606,0.3609,0.355,0.3568,139521
1560085200,1560088799,0.3564,0.3585,0.352,0.3548,117533
1560088800,1560092399,0.3534,0.3553,0.3508,0.3541,108396
1560092400,1560095999,0.3546,0.3549,0.3507,0.3507,110139
1560096000,1560099599,0.3506,0.3516,0.3279,0.3391,1043420
1560099600,1560103199,0.3389,0.34,0.3351,0.3379,242810
1560103200,1560106799,0.3372,0.3419,0.3371,0.339,143278
1560106800,1560110399,0.339,0.358,0.3389,0.3416,389181
1560110400,1560113999,0.3416,0.3423,0.3371,0.3397,215909
1560114000,1560117599,0.3398,0.3418,0.3377,0.338,121554
1560117600,1560121199,0.3387,0.3399,0.3335,0.3374,257667
1560121200,1560124799,0.3385,0.3429,0.3364,0.3417,314782
1560124800,1560128399,0.342,0.342,0.3378,0.3401,107408
1560128400,1560131999,0.3406,0.3415,0.3398,0.3412,12033
1560132000,1560135599,0.3408,0.3427,0.3402,0.3422,4196
1560135600,1560139199,0.343,0.3451,0.343,0.3449,7768
1560139200,1560142799,0.3444,0.355,0.3428,0.3444,452774
1560142800,1560146399,0.3443,0.3445,0.3421,0.3425,35204
1560146400,1560149999,0.3435,0.3489,0.3434,0.347,226705
1560150000,1560153599,0.347,0.3489,0.3459,0.3467,52128
1560153600,1560157199,0.3476,0.3483,0.3454,0.3466,125103
1560157200,1560160799,0.3456,0.3468,0.343,0.3436,135913
1560160800,1560164399,0.3433,0.344,0.34,0.3409,200901
1560164400,1560167999,0.3404,0.3544,0.3391,0.3528,392578
1560168000,1560171599,0.352,0.357,0.3511,0.3537,624199
1560171600,1560175199,0.3536,0.3543,0.3501,0.3511,140005
1560175200,1560178799,0.3526,0.3581,0.3524,0.3549,142165
1560178800,1560182399,0.3545,0.3559,0.3518,0.3545,93478
1560182400,1560185999,0.3538,0.3578,0.3522,0.3528,54225
1560186000,1560189599,0.3535,0.3541,0.3502,0.3515,92867
1560189600,1560193199,0.3514,0.3528,0.3502,0.3515,50884
1560193200,1560196799,0.3513,0.3527,0.3505,0.3511,101796
1560196800,1560200399,0.3511,0.353,0.349,0.3501,128357
1560200400,1560203999,0.3495,0.3514,0.3487,0.3506,25933
1560204000,1560207599,0.3505,0.3521,0.3499,0.3511,55853
1560207600,1560211199,0.351,0.3555,0.3508,0.3555,41015
1560211200,1560214799,0.356,0.3569,0.3514,0.3519,48460
1560214800,1560218399,0.3513,0.3513,0.3502,0.3509,13984
1560218400,1560221999,0.3511,0.3511,0.3501,0.3506,1247
1560222000,1560225599,0.35,0.35,0.3475,0.3483,34589
1560225600,1560229199,0.3481,0.3497,0.3479,0.3489,22618
1560229200,1560232799,0.3486,0.3499,0.3475,0.3499,32659
1560232800,1560236399,0.3494,0.3494,0.3475,0.3487,134993
1560236400,1560239999,0.3487,0.3487,0.345,0.3472,64876
1560240000,1560243599,0.3469,0.3499,0.3454,0.3499,78744
1560243600,1560247199,0.3497,0.3506,0.349,0.349,140152
1560247200,1560250799,0.349,0.3491,0.342,0.3455,255712
1560250800,1560254399,0.3455,0.3456,0.3417,0.3435,307488
1560254400,1560257999,0.344,0.3453,0.3429,0.3444,191378
1560258000,1560261599,0.3445,0.3454,0.3438,0.3448,61961
1560261600,1560265199,0.3453,0.3464,0.344,0.3452,47467
1560265200,1560268799,0.3449,0.3455,0.3408,0.3426,119492
1560268800,1560272399,0.3426,0.3481,0.3385,0.3477,204587
1560272400,1560275999,0.348,0.3489,0.3454,0.3467,94373
1560276000,1560279599,0.3467,0.3479,0.3445,0.3451,185655
1560279600,1560283199,0.3457,0.3471,0.3446,0.3471,65367
1560283200,1560286799,0.3474,0.35,0.3452,0.3484,104669
1560286800,1560290399,0.348,0.3505,0.348,0.3492,230502
1560290400,1560293999,0.3493,0.3493,0.3461,0.3466,108190
1560294000,1560297599,0.3473,0.3487,0.3472,0.348,48680
1560297600,1560301199,0.348,0.348,0.3443,0.3444,43732
1560301200,1560304799,0.3445,0.345,0.3438,0.3445,1188
1560304800,1560308399,0.3443,0.35,0.3439,0.3496,43719
1560308400,1560311999,0.3504,0.3504,0.3475,0.3485,66489
1560312000,1560315599,0.3485,0.3492,0.3477,0.3492,112249
1560315600,1560319199,0.3488,0.3491,0.3466,0.3478,44171
1560319200,1560322799,0.3476,0.3478,0.3464,0.3468,111305
1560322800,1560326399,0.3473,0.3491,0.3466,0.3489,55245
1560326400,1560329999,0.349,0.349,0.347,0.3481,40512
1560330000,1560333599,0.3478,0.3483,0.3454,0.3479,71289
1560333600,1560337199,0.3477,0.3498,0.3476,0.3498,142975
1560337200,1560340799,0.3496,0.3515,0.3486,0.3504,143052
1560340800,1560344399,0.3505,0.3527,0.35,0.3507,97154
1560344400,1560347999,0.3509,0.3516,0.3497,0.3502,87753
1560348000,1560351599,0.3502,0.3503,0.3476,0.35,161019
1560351600,1560355199,0.3501,0.3573,0.3495,0.3556,569864
1560355200,1560358799,0.3556,0.3573,0.3542,0.3561,512582
1560358800,1560362399,0.3567,0.3574,0.353,0.3551,239713
1560362400,1560365999,0.3545,0.3554,0.3521,0.3546,328025
1560366000,1560369599,0.3546,0.3557,0.3537,0.3554,66268
1560369600,1560373199,0.3546,0.3555,0.3516,0.3522,150736
1560373200,1560376799,0.3525,0.3559,0.3525,0.3557,311054
1560376800,1560380399,0.3558,0.3559,0.3533,0.3536,49845
1560380400,1560383999,0.3536,0.3567,0.3535,0.3561,36479
1560384000,1560387599,0.3559,0.3573,0.3548,0.3573,43297
1560387600,1560391199,0.3573,0.3632,0.3573,0.3606,119572
1560391200,1560394799,0.3599,0.3606,0.3568,0.3568,58033
1560394800,1560398399,0.3579,0.36,0.3579,0.3591,2398
1560398400,1560401999,0.3597,0.3602,0.3579,0.3592,28779
1560402000,1560405599,0.3593,0.3593,0.3578,0.3581,18380
1560405600,1560409199,0.3586,0.359,0.3576,0.3584,53982
1560409200,1560412799,0.358,0.3597,0.3574,0.3592,99728
1560412800,1560416399,0.3594,0.3596,0.3579,0.3591,99792
1560416400,1560419999,0.3591,0.3591,0.3546,0.3561,195609
1560420000,1560423599,0.356,0.3564,0.3532,0.3541,154145
1560423600,1560427199,0.3541,0.3563,0.3537,0.3551,99597
1560427200,1560430799,0.3547,0.3564,0.3519,0.3547,248027
1560430800,1560434399,0.355,0.3568,0.3544,0.3556,115071
1560434400,1560437999,0.3555,0.3573,0.3548,0.3563,65986
1560438000,1560441599,0.3563,0.3583,0.3553,0.3554,123607
1560441600,1560445199,0.3551,0.3575,0.355,0.3566,45708
1560445200,1560448799,0.3564,0.3567,0.3552,0.3554,122449
1560448800,1560452399,0.356,0.3584,0.3552,0.3583,133748
1560452400,1560455999,0.3585,0.3588,0.3562,0.3574,209982
1560456000,1560459599,0.3574,0.3579,0.3563,0.3571,52305
1560459600,1560463199,0.3573,0.3586,0.3564,0.3585,132685
